dwlr_id,state,district,block_name,village_name,site_name,latitude,longitude,well_site_type,water_level,battery_level,timestamp
dwlr_ap_001,Andhra Pradesh,Anantapur,Amarapuram,Palasamudram,Palasamudram,13.9605,77.6761,Dug Well,0.57,51,05-12-2024 21:16
dwlr_ap_002,Andhra Pradesh,Anantapur,Atmakur,Atmakur,Atmakur-PZ,14.64487,77.3638,Bore Well,3.43,86,05-12-2024 21:16
dwlr_ap_003,Andhra Pradesh,Anantapur,Atmakur,Waddipalli,Waddipalli,14.67769,77.4562,Dug Well,1.03,16,05-12-2024 21:16
dwlr_ap_004,Andhra Pradesh,Anantapur,Bukkarayasamudram,Korrapadu,Korrapadu,14.75411,77.71196,Dug Well,1.05,16,05-12-2024 21:16
dwlr_ap_005,Andhra Pradesh,Anantapur,Bukkarayasamudram,Regadikoturu,Regadikoturu-OW,14.7663889,77.62333,Bore Well,1.67,33,05-12-2024 21:16
dwlr_ap_006,Andhra Pradesh,Anantapur,Chennakothapalle,Chenna Kothapalli,Chenna Kothapalli-PZ,14.27033,77.6254,Bore Well,3.12,83,05-12-2024 21:16
dwlr_ap_007,Andhra Pradesh,Anantapur,Dharmavaram,Dharmavaram,Dharmavaram,14.4138,77.71609,Dug Well,1.29,28,05-12-2024 21:16
dwlr_ap_008,Andhra Pradesh,Anantapur,Dharmavaram,Dharmavaram-Ewl,Dharmavaram-Ewl,14.3864,77.7102,Bore Well,3.4,34,05-12-2024 21:16
dwlr_ap_009,Andhra Pradesh,Anantapur,Dharmavaram,Dharmavaram-Ewll,Dharmavaram-Ewll,14.3864,77.7102,Bore Well,3.35,22,05-12-2024 21:16
dwlr_ap_010,Andhra Pradesh,Anantapur,Gooty,Gooty,Gooty-alt,15.1179,77.64,Dug Well,4.83,41,05-12-2024 21:16
dwlr_ap_011,Andhra Pradesh,Anantapur,Gooty,Gooty,Gooty-PZ,15.1259,77.6346,Bore Well,7.82,70,05-12-2024 21:16
dwlr_ap_012,Andhra Pradesh,Anantapur,Gudibanda,Budipalli,Budipalli,13.9738,77.1648,Dug Well,3.3,86,05-12-2024 21:16
dwlr_ap_013,Andhra Pradesh,Anantapur,Gudibanda,Palaram,Palaram 2013DW,13.956,77.1083,Dug Well,2.35,70,05-12-2024 21:16
dwlr_ap_014,Andhra Pradesh,Anantapur,Guntakal,Guntakal,Guntakal2,15.15571,77.3837,Dug Well,1.27,94,05-12-2024 21:16
dwlr_ap_015,Andhra Pradesh,Anantapur,Kadiri,Alampur,Alampur,14.194,78.1656,Dug Well,1.21,17,05-12-2024 21:16
dwlr_ap_016,Andhra Pradesh,Anantapur,Kalyandurg,Kalyandurg-Alt,Kalyandurg-alt,14.5483,77.1071,Dug Well,2.07,81,05-12-2024 21:16
dwlr_ap_017,Andhra Pradesh,Anantapur,Lepakshi,Kanchisamudram,KanchisamudramDW13,13.7752,77.6117,Dug Well,2.2,14,05-12-2024 21:16
dwlr_ap_018,Andhra Pradesh,Anantapur,Madakasira,A Roppam-Pz,A Roppam-Pz,14.0269,77.2737,Bore Well,0.01,83,05-12-2024 21:16
dwlr_ap_019,Andhra Pradesh,Anantapur,Madakasira,Kothalagutta-Dw,Kothalagutta-DW,13.92059,77.2191,Dug Well,1.22,56,05-12-2024 21:16
dwlr_ap_020,Andhra Pradesh,Anantapur,Madakasira,Madakasira,Madakasira1,13.9411,77.276,Dug Well,0.6,60,05-12-2024 21:16
dwlr_ap_021,Andhra Pradesh,Anantapur,Madakasira,Madakasira,Madakasira-PZ,13.9407,77.2632,Bore Well,5.84,51,05-12-2024 21:16
dwlr_ap_022,Andhra Pradesh,Anantapur,Mudigubba,Adivi Brahmanapalli,Adivi Brahmanapalli,14.3549,78.0366,Dug Well,0.08,83,05-12-2024 21:16
dwlr_ap_023,Andhra Pradesh,Anantapur,Mudigubba,Malakavemula-Rs,Malakavemula-rs,14.27,78.0575,Dug Well,1.12,90,05-12-2024 21:16
dwlr_ap_024,Andhra Pradesh,Anantapur,Nallacheruvu,Nallacheruvu,Nallacheruvu 2013DW,13.987,78.1878,Dug Well,6.58,92,05-12-2024 21:16
dwlr_ap_025,Andhra Pradesh,Anantapur,Nallamada,Muthyalacherevu Poolabhavi,Muthyalacherevu Poolabhavi-DW14,14.1031,78.0998,Dug Well,0.2,95,05-12-2024 21:16
dwlr_ap_026,Andhra Pradesh,Anantapur,Obuladevaracheruvu,Ingaluru,Ingaluru,14.04526,78.0388,Dug Well,2.19,49,05-12-2024 21:16
dwlr_ap_027,Andhra Pradesh,Anantapur,Obuladevaracheruvu,O.D.Cheruvu,O.D.Cheruvu-PZ,14.0217,77.9952,Bore Well,2.7,46,05-12-2024 21:16
dwlr_ap_028,Andhra Pradesh,Anantapur,Obuladevaracheruvu,Tangdikunta,Tangdikunta-DW13,13.9425,77.9345,Dug Well,1.85,37,05-12-2024 21:16
dwlr_ap_029,Andhra Pradesh,Anantapur,Penukonda,Penukonda,Penukonda,14.0863,77.5976,Dug Well,4.18,22,05-12-2024 21:16
dwlr_ap_030,Andhra Pradesh,Anantapur,Puttaparti,Kambalaparthi,Kambalaparthi-DW14,14.1377,77.9099,Dug Well,2.3,78,05-12-2024 21:16
dwlr_ap_031,Andhra Pradesh,Anantapur,Rayadurg,Rayadurg,Rayadurg-new,14.7054,76.8484,Dug Well,3.1,80,05-12-2024 21:16
dwlr_ap_032,Andhra Pradesh,Anantapur,Rolla,Hottebetta-Pz,Hottebetta-Pz,13.881,77.1588,Bore Well,2.05,25,05-12-2024 21:16
dwlr_ap_033,Andhra Pradesh,Anantapur,Rolla,Kothapalem,Kothapalem,13.8768,77.1462,Dug Well,2.28,38,05-12-2024 21:16
dwlr_ap_034,Andhra Pradesh,Anantapur,Tadipatri,Tadipatri,Tadipatri-PZ,14.9088,77.9952,Bore Well,9.6,13,05-12-2024 21:16
dwlr_ap_035,Andhra Pradesh,Anantapur,Talupula,Talapula,Talapula-PZ,14.2421,78.25569,Bore Well,4.84,39,05-12-2024 21:16
dwlr_ap_036,Andhra Pradesh,Anantapur,Tanakal,Tanakallu,Tanakallu-PZ,13.9171,78.196,Bore Well,6.3,46,05-12-2024 21:16
dwlr_ap_037,Andhra Pradesh,Anantapur,Uravakonda,Amidala,Amidala,14.851,77.2501,Dug Well,1.7,82,05-12-2024 21:16
dwlr_ap_038,Andhra Pradesh,Anantapur,Vajrakarur,Vajrakarur,Vajrakarur,15.03043,77.38311,Dug Well,3.76,47,05-12-2024 21:16
dwlr_ap_039,Andhra Pradesh,Chittoor,Bangarupalem,Govardhanagiri,Govardhanagiri1-NQM,13.162967,78.891431,Bore Well,6.41,89,05-12-2024 21:16
dwlr_ap_040,Andhra Pradesh,Chittoor,Bangarupalem,Govardhanagiri,Govardhanagiri-NQM,13.162874,78.891378,Bore Well,6.53,36,05-12-2024 21:16
dwlr_ap_041,Andhra Pradesh,Chittoor,Bangarupalem,Shankrantipalli,Shankrantipalli,13.195626,79.004018,Dug Well,5.08,21,05-12-2024 21:16
dwlr_ap_042,Andhra Pradesh,Chittoor,Buchinaidu-Kandrika,Nilavai,Nilavai-DW13,13.63705,79.900838,Dug Well,1.46,86,05-12-2024 21:16
dwlr_ap_043,Andhra Pradesh,Chittoor,Chandragiri,Mungilipattu,Mungilipattu,13.560868,79.249306,Dug Well,3.25,88,05-12-2024 21:16
dwlr_ap_044,Andhra Pradesh,Chittoor,Chittoor,Chittoor,Chittoor1-NQM,13.1936111,79.0966667,Bore Well,3.27,36,05-12-2024 21:16
dwlr_ap_045,Andhra Pradesh,Chittoor,Chittoor,Chittoor,Chittoor-2010,13.207501,79.098122,Dug Well,1.69,42,05-12-2024 21:16
dwlr_ap_046,Andhra Pradesh,Chittoor,Chittoor,Chittoor,Chittoor-NQM,13.2167,79.1028,Bore Well,0.01,67,05-12-2024 21:16
dwlr_ap_047,Andhra Pradesh,Chittoor,Gudupalle,Nangamangalam,Nangamangalam,13.041167,79.18317,Bore Well,0.55,44,05-12-2024 21:16
dwlr_ap_048,Andhra Pradesh,Chittoor,Kalakada,Kalakoda,Kalakoda,13.82753,78.78775,Dug Well,4.27,67,05-12-2024 21:16
dwlr_ap_049,Andhra Pradesh,Chittoor,Kalakada,Papireddygaripalli,PapireddygaripalliNQM,13.78668,78.7309,Bore Well,6.2,43,05-12-2024 21:16
dwlr_ap_050,Andhra Pradesh,Chittoor,Kalikiri,Medikurthi,Medikurthi-NQM,13.70517,78.77318,Bore Well,4.32,45,05-12-2024 21:16
dwlr_ap_051,Andhra Pradesh,Chittoor,Krishnapuram,Godduvalapalli,Godduvalapalli,13.43438,79.28015,Bore Well,4.83,56,05-12-2024 21:16
dwlr_ap_052,Andhra Pradesh,Chittoor,Palamaner,Palamaner-1,Palamaner,13.5755,78.5938,Bore Well,1.87,61,05-12-2024 21:16
dwlr_ap_053,Andhra Pradesh,Chittoor,Peddamandyam,Bayadupalle,Bayadupalle,13.2864,78.9529,Dug Well,0.83,79,05-12-2024 21:16
dwlr_ap_054,Andhra Pradesh,Chittoor,Santhipuram,Devavaram,Devavaram,13.542194,78.684833,Dug Well,2.57,53,05-12-2024 21:16
dwlr_ap_055,Andhra Pradesh,Chittoor,Santhipuram,Santhipuram,Santhipuram-PZ,13.654387,78.651351,Bore Well,6.83,32,05-12-2024 21:16
dwlr_ap_056,Andhra Pradesh,Chittoor,Peddatippasamudra,Pulikallu,Pulikallu-NQM,13.7738,78.22435,Bore Well,0.45,82,05-12-2024 21:16
dwlr_ap_057,Andhra Pradesh,Chittoor,Pulicherla,Marriguntalagani Palli,Marriguntalagani Palli,13.568648,79.01537,Dug Well,3.23,97,05-12-2024 21:16
dwlr_ap_058,Andhra Pradesh,Chittoor,Punganur,Idegepalli,Idegepalli-NQM,13.470248,78.538429,Bore Well,10.4,38,05-12-2024 21:16
dwlr_ap_059,Andhra Pradesh,Chittoor,Puthalapattu,Bandarapalli,Bandarapalli-DW13,13.331324,79.099552,Dug Well,2.5,58,05-12-2024 21:16
dwlr_ap_060,Andhra Pradesh,Chittoor,Puthalapattu,Kanipakam,Kanipakam-DW14,13.262268,79.060404,Dug Well,1.16,34,05-12-2024 21:16
dwlr_ap_061,Andhra Pradesh,Chittoor,Puttur,Puttur,Puttur 2014 DW,13.444717,79.551048,Dug Well,0.01,63,05-12-2024 21:16
dwlr_ap_062,Andhra Pradesh,Chittoor,Ramakuppam,Govindapalle,Govindapalle-NQM,12.815605,78.456067,Bore Well,7.38,64,05-12-2024 21:16
dwlr_ap_063,Andhra Pradesh,Chittoor,Ramasamudram,Chokkandapalle,Chokkandapalle-NQM,13.32548,78.45216,Bore Well,18.35,62,05-12-2024 21:16
dwlr_ap_064,Andhra Pradesh,Chittoor,Ramasamudram,Ramasamudram,Ramasamudram-DW15,13.36429,78.4271,Dug Well,0.01,78,05-12-2024 21:16
dwlr_ap_065,Andhra Pradesh,Chittoor,Renigunta,Guntuvaripalli,Guntuvaripalli-DW13,13.6514,79.5425,Dug Well,2.65,49,05-12-2024 21:16
dwlr_ap_066,Andhra Pradesh,Chittoor,Rompicherla,Rompicherla,Rompicherla1-NQM,13.67,79.0436111,Bore Well,11.48,58,05-12-2024 21:16
dwlr_ap_067,Andhra Pradesh,Chittoor,Rompicherla,Rompicherla,Rompicherla-NQM,13.670268,79.043764,Bore Well,10.4,57,05-12-2024 21:16
dwlr_ap_068,Andhra Pradesh,Chittoor,Satyavedu,Madambedu,Madambedu-DW14,13.411464,79.928591,Dug Well,6.99,43,05-12-2024 21:16
dwlr_ap_069,Andhra Pradesh,Chittoor,Sodum,Battuvaripalli,Battuvaripalli,13.547094,78.916628,Dug Well,1.25,47,05-12-2024 21:16
dwlr_ap_070,Andhra Pradesh,Chittoor,Sodum,Gundlurivaripalle,Gundlurivaripalle1-NQM,13.554438,78.897996,Bore Well,11.03,26,05-12-2024 21:16
dwlr_ap_071,Andhra Pradesh,Chittoor,Sodum,Gundlurivaripalle,Gundlurivaripalle-NQM,13.554438,78.897996,Bore Well,11.25,33,05-12-2024 21:16
dwlr_ap_072,Andhra Pradesh,Chittoor,Somala,Burujupalle,Burujupalle1-NQM,13.5297222,78.7855556,Bore Well,15.38,78,05-12-2024 21:16
dwlr_ap_073,Andhra Pradesh,Chittoor,Somala,Burujupalle,Burujupalle-NQM,13.529724,78.785763,Bore Well,14.3,12,05-12-2024 21:16
dwlr_ap_074,Andhra Pradesh,Chittoor,Somala,Somala,Somala1-NQM,13.47687,78.810551,Bore Well,11.94,24,05-12-2024 21:16
dwlr_ap_075,Andhra Pradesh,Chittoor,Somala,Somala,Somala2-NQM,13.47687,78.810551,Bore Well,12.26,52,05-12-2024 21:16
dwlr_ap_076,Andhra Pradesh,Chittoor,Srikalahasthi,Erpedu,Erpedu1,13.697156,79.594039,Dug Well,0.78,95,05-12-2024 21:16
dwlr_ap_077,Andhra Pradesh,Chittoor,Srikalahasthi,Srikalahasthi,Srikalahasthi 2013DW,13.752364,79.702453,Dug Well,2.04,28,05-12-2024 21:16
dwlr_ap_078,Andhra Pradesh,Chittoor,Srirangarajupuram,Arumakapalli,Arumakapalli-DW14,13.303271,79.287134,Dug Well,7.18,50,05-12-2024 21:16
dwlr_ap_079,Andhra Pradesh,Chittoor,Thambalapalle,Kandlamadugu,Kandlamadugu,13.66631,78.41837,Dug Well,0.93,55,05-12-2024 21:16
dwlr_ap_080,Andhra Pradesh,Chittoor,Tirupati(R),Suritipalli,Suritipalli,13.3354,79.872994,Dug Well,0.31,81,05-12-2024 21:16
dwlr_ap_081,Andhra Pradesh,Chittoor,Tirupati(R),Tayyuru,Tayyuru,13.302892,79.311273,Dug Well,5.3,47,05-12-2024 21:16
dwlr_ap_082,Andhra Pradesh,Chittoor,Tirupati(R),Tirumala,Tirumala1,13.684841,79.344625,Dug Well,2.8,26,05-12-2024 21:16
dwlr_ap_083,Andhra Pradesh,Chittoor,Tirupati(U),Tirupati(U),Tirupati(U),13.642481,79.421505,Dug Well,3.94,79,05-12-2024 21:16
dwlr_ap_084,Andhra Pradesh,Chittoor,Varadaiahpalem,Chinna Panduru,Chinna panduru,13.54444,79.941657,Dug Well,0.61,11,05-12-2024 21:16
dwlr_ap_085,Andhra Pradesh,Chittoor,Vayalpadu,Thurukupalli,Thurukupalli-DW14,13.62377,78.69937,Dug Well,1.6,16,05-12-2024 21:16
dwlr_ap_086,Andhra Pradesh,Chittoor,Vedurukuppam,Karvetnagar,Karvetnagar1,13.426237,79.453139,Dug Well,3.82,66,05-12-2024 21:16
dwlr_ap_087,Andhra Pradesh,Chittoor,Venkatagirikota,Bairupalli,Bairupalli-NQM,12.963173,78.507393,Bore Well,3.61,88,05-12-2024 21:16
dwlr_ap_088,Andhra Pradesh,Chittoor,Venkatagirikota,Venkatagirikota,Venkatagirikota,13.000809,78.479339,Dug Well,4.67,89,05-12-2024 21:16
dwlr_ap_089,Andhra Pradesh,Chittoor,Yadamarri,Muddu Rampuram,Muddu Rampuram-DW13,13.109653,78.995284,Dug Well,3.55,16,05-12-2024 21:16
dwlr_ap_090,Andhra Pradesh,West Godavari,Polavaram,Polavaram3,Polavaram3-DW13,17.0775,81.6628,Dug Well,2.34,17,05-12-2024 21:16
dwlr_ap_091,Andhra Pradesh,Cuddapah,Brahmamgarimatham,Chaudarivaripalli,Chaudarivaripalli-DW13,14.832012,78.95212,Dug Well,1.75,17,05-12-2024 21:16
dwlr_ap_092,Andhra Pradesh,Cuddapah,Brahmamgarimatham,Chowkpalli,Chowkpalli-DW13,14.89482,78.923965,Dug Well,2.55,64,05-12-2024 21:16
dwlr_ap_093,Andhra Pradesh,Cuddapah,Brahmamgarimatham,Mallegudupadu,Mallegudupadu,14.793098,78.978771,Bore Well,0.02,42,05-12-2024 21:16
dwlr_ap_094,Andhra Pradesh,Cuddapah,Brahmamgarimatham,Vbmatham,Vbmatham,14.820872,78.87815,Dug Well,1.97,83,05-12-2024 21:16
dwlr_ap_095,Andhra Pradesh,Cuddapah,Chakrayapeta,Mahadevpalle,Mahadevpalle,14.209781,78.517905,Bore Well,2.23,81,05-12-2024 21:16
dwlr_ap_096,Andhra Pradesh,Cuddapah,Chapad,Alludupally,Alludupally,14.71928,78.677051,Dug Well,2.29,32,05-12-2024 21:16
dwlr_ap_097,Andhra Pradesh,Cuddapah,Chapad,Alludupally,Alludupally1,14.719086,78.676753,Bore Well,4.89,33,05-12-2024 21:16
dwlr_ap_098,Andhra Pradesh,Cuddapah,Chapad,Vishwanathpuram,Vishwanathpuram-DW13,14.725289,78.707497,Dug Well,2.45,36,05-12-2024 21:16
dwlr_ap_099,Andhra Pradesh,Cuddapah,Chinnamandyam,Chinnamandyam,Chinnamandyam,13.94948,78.68845,Bore Well,2.23,55,05-12-2024 21:16
dwlr_ap_100,Andhra Pradesh,Cuddapah,D.Kodur,Mallepalle,Mallepalle,14.8889,78.880741,Dug Well,3.5,68,05-12-2024 21:16
dwlr_ap_101,Andhra Pradesh,Cuddapah,Duvvur,Kanagudur,Kanagudur-DW14,14.916618,78.617621,Dug Well,1.35,66,05-12-2024 21:16
dwlr_ap_102,Andhra Pradesh,Cuddapah,Galiveedu,Galiveedu,Galiveedu-alt,14.02485,78.50271,Dug Well,0.75,78,05-12-2024 21:16
dwlr_ap_103,Andhra Pradesh,Cuddapah,Galiveedu,Nakkalavandlapalli,Nakkalavandlapalli-EW,14.03883,78.54328,Bore Well,1.45,57,05-12-2024 21:16
dwlr_ap_104,Andhra Pradesh,Cuddapah,Jammalamadugu,Jammalamadugu,Jammalamadugu-DW14,14.85227,78.387915,Dug Well,4.13,94,05-12-2024 21:16
dwlr_ap_105,Andhra Pradesh,Cuddapah,Kalasapadu,Kankapura,Kankapura,14.775321,78.612367,Bore Well,4.45,10,05-12-2024 21:16
dwlr_ap_106,Andhra Pradesh,Cuddapah,Pullampet,Pullampeta,Pullampet,14.12081,79.21148,Bore Well,5.88,15,05-12-2024 21:16
dwlr_ap_107,Andhra Pradesh,Cuddapah,Rajampet,Gundluru,Gundluru,14.25071,79.11377,Bore Well,2.66,40,05-12-2024 21:16
dwlr_ap_108,Andhra Pradesh,Cuddapah,Rajampet,Kamapally,Kamapally,14.18908,79.00881,Bore Well,11.5,77,05-12-2024 21:16
dwlr_ap_109,Andhra Pradesh,Cuddapah,Ramapuram,Ramapuram,Ramapuram1,14.19364,78.76031,Bore Well,4.89,78,05-12-2024 21:16
dwlr_ap_110,Andhra Pradesh,West Godavari,Polavaram,Polavaram3,Polavaram3-DW13,17.0775,81.6628,Dug Well,2.34,86,05-12-2024 21:16
dwlr_ap_111,Andhra Pradesh,Cuddapah,Sandepalle,Konnidigaripalli,Konnidigaripalli,13.98899,78.95367,Dug Well,6.8,99,05-12-2024 21:16
dwlr_ap_112,Andhra Pradesh,Cuddapah,Simhadripuram,Sunkesula,Sunkesula-NQM,14.65215,78.211649,Bore Well,1.15,96,05-12-2024 21:16
dwlr_ap_113,Andhra Pradesh,Cuddapah,T.Sundupalle,Pincha,Pincha,13.91567,78.99868,Dug Well,5.57,73,05-12-2024 21:16
dwlr_ap_114,Andhra Pradesh,Cuddapah,Veeraballe,Sanipai,Sanipai,14.10753,78.94972,Dug Well,2.05,13,05-12-2024 21:16
dwlr_ap_115,Andhra Pradesh,Cuddapah,Veerapanayanipalle,Kommadi,Kommadi,14.546137,78.441925,Bore Well,3.25,66,05-12-2024 21:16
dwlr_ap_116,Andhra Pradesh,Cuddapah,Veerapanayanipalle,N.Pallagiri,N.Pallagiri,14.457134,78.442387,Bore Well,4.41,69,05-12-2024 21:16
dwlr_ap_117,Andhra Pradesh,Cuddapah,Vempalle,Idupulapaya,Idupulapaya-DW14,14.334347,78.53285,Dug Well,4.49,49,05-12-2024 21:16
dwlr_ap_118,Andhra Pradesh,Cuddapah,Vempalle,Tallapalli,Tallapalli,14.373301,78.388035,Bore Well,2.7,85,05-12-2024 21:16
dwlr_ap_119,Andhra Pradesh,Cuddapah,Vemula,V.Kottapalli,V.Kottapalli-NQM,14.370006,78.358853,Bore Well,3.98,26,05-12-2024 21:16
dwlr_ap_120,Andhra Pradesh,East Godavari,Addatigala,Addateegala,Addateegala,17.4633,82.0271,Dug Well,8.26,15,05-12-2024 21:16
dwlr_ap_121,Andhra Pradesh,East Godavari,Addatigala,Mallavaram,Mammilu Mallavaram,17.5032,82.0124,Dug Well,4.38,44,05-12-2024 21:16
dwlr_ap_122,Andhra Pradesh,East Godavari,Addatigala,Veerbhadrapuram,VeerbhadrapuramDW13,17.4379,82.074,Dug Well,1.67,16,05-12-2024 21:16
dwlr_ap_123,Andhra Pradesh,East Godavari,Ainavilli,Ainavilli,Ainavilli-DW14,16.6613,82.0125,Dug Well,1.71,14,05-12-2024 21:16
dwlr_ap_124,Andhra Pradesh,East Godavari,Ainavilli,Mukteshwaram,MukteshwaramDW14,16.6602,82.0246,Dug Well,6.63,85,05-12-2024 21:16
dwlr_ap_125,Andhra Pradesh,East Godavari,Ainavilli,Vilasa,Vilasa-DW14,16.6187,82.0195,Dug Well,0.92,16,05-12-2024 21:16
dwlr_ap_126,Andhra Pradesh,East Godavari,Amalapuram,Amalapuram,Amalapuram,16.562,81.9956,Dug Well,1.2,41,05-12-2024 21:16
dwlr_ap_127,Andhra Pradesh,East Godavari,Amalapuram,Amalapuram,Amalapuram-PZ,16.5734,82.0051,Bore Well,1.74,82,05-12-2024 21:16
dwlr_ap_128,Andhra Pradesh,East Godavari,Amalapuram,Bandurlanka,Bandurlanka-DW13,16.5882,81.9738,Dug Well,3.8,44,05-12-2024 21:16
dwlr_ap_129,Andhra Pradesh,East Godavari,Ambajupeta,Ambajipeta,Ambajipeta-DW13,16.5933,81.9523,Dug Well,3.35,79,05-12-2024 21:16
dwlr_ap_130,Andhra Pradesh,East Godavari,Ambajupeta,Chinalanka,Chinalanka-DW13,16.6544,81.9381,Dug Well,2.18,84,05-12-2024 21:16
dwlr_ap_131,Andhra Pradesh,East Godavari,Atreyapuram,Atreyapuram,Atreyapuram-NQM,16.8319,81.7872,Bore Well,8.79,47,05-12-2024 21:16
dwlr_ap_132,Andhra Pradesh,East Godavari,Atreyapuram,Dowalaiswaram,-3 Dowalaiswaram -PZ3,16.9392,81.7866,Tube Well,8.12,60,05-12-2024 21:16
dwlr_ap_133,Andhra Pradesh,East Godavari,Atreyapuram,Rally,Rally-DW14,16.7796,81.8027,Dug Well,5.17,61,05-12-2024 21:16
dwlr_ap_134,Andhra Pradesh,East Godavari,Devipatnam,Chinna Ramanayapet,Chinna RamanayapetDW13,17.3235,81.6974,Dug Well,1.9,12,05-12-2024 21:16
dwlr_ap_135,Andhra Pradesh,East Godavari,Gangavaram,Gangavaram,Gangavaram1,17.3875,81.9152778,Dug Well,5,71,05-12-2024 21:16
dwlr_ap_136,Andhra Pradesh,East Godavari,Gangavaram,Jaderu,Jaderu-DW14,17.4805,81.9523,Dug Well,1.92,49,05-12-2024 21:16
dwlr_ap_137,Andhra Pradesh,East Godavari,Gokavaram,Bhavugipet,Bhavugipet-DW13,17.2083,81.8467,Dug Well,4.1,22,05-12-2024 21:16
dwlr_ap_138,Andhra Pradesh,East Godavari,Gokavaram,Gokavaram,Gokavaram,17.2653,81.8475,Dug Well,2.74,59,05-12-2024 21:16
dwlr_ap_139,Andhra Pradesh,East Godavari,Gollaprolu,Gollaprolu,Gollaprolu,17.1538,82.2864,Dug Well,1.61,94,05-12-2024 21:16
dwlr_ap_140,Andhra Pradesh,East Godavari,I.Polavaram,Komaragiri,Komaragiri-DW14,16.6963,82.1802,Dug Well,1.41,73,05-12-2024 21:16
dwlr_ap_141,Andhra Pradesh,East Godavari,I.Polavaram,Muramalla,Muramalla 2013DW,16.6728,82.165,Dug Well,2.05,25,05-12-2024 21:16
dwlr_ap_142,Andhra Pradesh,East Godavari,I.Polavaram,Yanam,Yanam,16.7294,82.2141,Dug Well,2.3,45,05-12-2024 21:16
dwlr_ap_143,Andhra Pradesh,East Godavari,Kakinada(R),Chollangi,Chollangi-DW13,16.8854,82.2339,Dug Well,1.4,70,05-12-2024 21:16
dwlr_ap_144,Andhra Pradesh,East Godavari,Kakinada(R),Repuru,Repuru-DW14,16.9557,82.1893,Dug Well,1.37,55,05-12-2024 21:16
dwlr_ap_145,Andhra Pradesh,East Godavari,Kakinada(R),Vakalpudi,Vakalpudi,17.0137,82.2835,Dug Well,0.41,48,05-12-2024 21:16
dwlr_ap_146,Andhra Pradesh,East Godavari,Kakinada(U),Anjaneyanagar,Anjaneyanagar 2012,17.0094,82.2482,Dug Well,1.5,21,05-12-2024 21:16
dwlr_ap_147,Andhra Pradesh,East Godavari,Kakinada(U),Fishing Horbour,Fishing Horbour 2012,16.985,82.2757,Dug Well,1.3,81,05-12-2024 21:16
dwlr_ap_148,Andhra Pradesh,East Godavari,Kakinada(U),Kakinada-Pz,Kakinada-Pz,16.9833,82.2491,Bore Well,13,71,05-12-2024 21:16
dwlr_ap_149,Andhra Pradesh,East Godavari,Kakinada(U),Kasinadhapuram,Kasinadhapuram 2012,16.9248,82.236,Dug Well,1.25,46,05-12-2024 21:16
dwlr_ap_150,Andhra Pradesh,East Godavari,Kakinada(U),Santhacheruvu,Santhacheruvu 2012,16.9503,82.237,Dug Well,1.15,52,05-12-2024 21:16
dwlr_ap_151,Andhra Pradesh,East Godavari,Kakinada(U),Thimmapuram,Thimmapuram-NQM,17.024,82.2419,Bore Well,2.04,41,05-12-2024 21:16
dwlr_ap_152,Andhra Pradesh,East Godavari,Kotananduru,Jaldam,Jaldam-DW14,17.4486,82.3317,Dug Well,2.67,26,05-12-2024 21:16
dwlr_ap_153,Andhra Pradesh,East Godavari,Kothapalle,Uppada,Uppada,17.0805,82.3355,Dug Well,0.86,46,05-12-2024 21:16
dwlr_ap_154,Andhra Pradesh,East Godavari,Kothapeta,Kothapeta,Kothapeta-DW13,16.7159,81.8964,Dug Well,4.4,51,05-12-2024 21:16
dwlr_ap_155,Andhra Pradesh,East Godavari,Madapeta,Dwarapudi,Dwarapudi-DW13,16.927,81.9167,Dug Well,3.89,69,05-12-2024 21:16
dwlr_ap_156,Andhra Pradesh,East Godavari,Madapeta,Pedapadu,Pedapadu-DW14,16.9911,81.9086,Dug Well,3.91,41,05-12-2024 21:16
dwlr_ap_157,Andhra Pradesh,East Godavari,Rajahmundry(U),Rajahmundry,Rajmundry Swarajyanagar,16.9726,81.7851,Dug Well,2.68,55,05-12-2024 21:16
dwlr_ap_158,Andhra Pradesh,East Godavari,Rajahmundry(U),Rajahmundry(U),Rajahmundry,17.0129,81.7828,Dug Well,2.52,13,05-12-2024 21:16
dwlr_ap_159,Andhra Pradesh,East Godavari,Rajanagaram,Anaparthy,Anaparthy,16.9384,81.9542,Dug Well,2.71,56,05-12-2024 21:16
dwlr_ap_160,Andhra Pradesh,East Godavari,Rajanagaram,Kolamuru,Kolamuru,17.0595,81.8051,Dug Well,3.4,100,05-12-2024 21:16
dwlr_ap_161,Andhra Pradesh,East Godavari,Rajanagaram,Rajanagaram,Rajanagaram,17.083,81.9065,Dug Well,2.33,62,05-12-2024 21:16
dwlr_ap_162,Andhra Pradesh,East Godavari,Rajavommangi,Badadanapalli,Badadanapalli-DW14,17.5841,82.2685,Dug Well,2.75,98,05-12-2024 21:16
dwlr_ap_163,Andhra Pradesh,East Godavari,Rajavommangi,Jaddangi,Jaddangi-alt,17.4855,82.1582,Dug Well,4.51,41,05-12-2024 21:16
dwlr_ap_164,Andhra Pradesh,East Godavari,Rajavommangi,Lagarai,Lagarai-DW14,17.5735,82.1922,Dug Well,2.93,25,05-12-2024 21:16
dwlr_ap_165,Andhra Pradesh,East Godavari,Rajavommangi,Rajaumangai-Alt,Rajavommangi-alt,17.5408,82.2229,Dug Well,1.95,31,05-12-2024 21:16
dwlr_ap_166,Andhra Pradesh,East Godavari,Ramachandrapuram,Annaipeta,Annaipeta-DW13,16.7898,82.066,Dug Well,1.43,64,05-12-2024 21:16
dwlr_ap_167,Andhra Pradesh,East Godavari,Ramachandrapuram,Draksharamam,DraksharamamDW14,16.7921,82.0637,Dug Well,3.22,80,05-12-2024 21:16
dwlr_ap_168,Andhra Pradesh,East Godavari,Ramachandrapuram,Tallapolam,Tallapolam-DW13,16.8168,82.0391,Dug Well,1.62,52,05-12-2024 21:16
dwlr_ap_169,Andhra Pradesh,East Godavari,Ramachandrapuram,Vegayammapeta,Vegayammapeta,16.7811,82.082,Dug Well,1.83,53,05-12-2024 21:16
dwlr_ap_170,Andhra Pradesh,East Godavari,Rampachodavaram,Folkspeta,Folkspeta-DW13,17.3139,81.8398,Dug Well,2.9,45,05-12-2024 21:16
dwlr_ap_171,Andhra Pradesh,East Godavari,Rampachodavaram,Rampachodavaram,Rampachodavaram2,17.4402,81.7805,Dug Well,8.05,48,05-12-2024 21:16
dwlr_ap_172,Andhra Pradesh,East Godavari,Rampachodavaram,Selkavedhi,Selkavedhi-DW14,17.4613,81.671,Dug Well,4.12,52,05-12-2024 21:16
dwlr_ap_173,Andhra Pradesh,East Godavari,Rampachodavaram,Sitapalli,Sitapalli,17.3762,81.7915,Dug Well,2.58,59,05-12-2024 21:16
dwlr_ap_174,Andhra Pradesh,West Godavari,Rajolu,Rajolu,Injaram2014,17.2258,81.8468,Dug Well,4.35,57,05-12-2024 21:16
dwlr_ap_175,Andhra Pradesh,West Godavari,Rajolu,Rajolu,Injaram2015,17.2269,81.8495,Dug Well,3.29,68,05-12-2024 21:16
dwlr_ap_176,Andhra Pradesh,East Godavari,Ravulapalem,Jonnada,Jonnada,16.7929,81.8659,Dug Well,0.3,68,05-12-2024 21:16
dwlr_ap_177,Andhra Pradesh,East Godavari,Ravulapalem,Mummidivarampad,Mummidivarampad,16.7029,81.8325,Dug Well,1.15,61,05-12-2024 21:16
dwlr_ap_178,Andhra Pradesh,East Godavari,Ravulapalem,Ravulapalem,Ravulapalem-NQM,16.7528,81.8397,Bore Well,9.01,14,05-12-2024 21:16
dwlr_ap_179,Andhra Pradesh,East Godavari,Razole,Razole,Razole-alt1,16.48,81.8446,Dug Well,2.12,97,05-12-2024 21:16
dwlr_ap_180,Andhra Pradesh,East Godavari,Sakhinetipalle,Antarvedi,Antarvedi,16.3337,81.7332,Dug Well,1.3,59,05-12-2024 21:16
dwlr_ap_181,Andhra Pradesh,East Godavari,Sankhavaram,G Kottapalli,G Kottapalli-DW14,17.3068,82.3655,Dug Well,0.77,91,05-12-2024 21:16
dwlr_ap_182,Andhra Pradesh,East Godavari,Sankhavaram,Kattipudi,Kattipudi1,17.2429,82.3314,Dug Well,2.6,87,05-12-2024 21:16
dwlr_ap_183,Andhra Pradesh,West Godavari,Rajanagaram,Rajanagaram,Rajanagaram,17.0143,81.5719,Dug Well,2.8,82,05-12-2024 21:16
dwlr_ap_184,Andhra Pradesh,East Godavari,Tallarevu,Thurpet,Thurpet-DW14,16.7529,82.2289,Dug Well,1.52,99,05-12-2024 21:16
dwlr_ap_185,Andhra Pradesh,East Godavari,Thondangi,Tammayyapeta,TammayyapetaDW13,17.2496,82.3708,Dug Well,2.1,25,05-12-2024 21:16
dwlr_ap_186,Andhra Pradesh,East Godavari,Tuni,Hamsavaram,Hamsavaram-DW13,17.2921,82.4927,Dug Well,1.3,17,05-12-2024 21:16
dwlr_ap_187,Andhra Pradesh,East Godavari,Tuni,Tetagunda,Tetagunda-DW13,17.307,82.4429,Dug Well,3.78,12,05-12-2024 21:16
dwlr_ap_188,Andhra Pradesh,East Godavari,Y.Ramavaram,Chaviti Tibalu,Chaviti Tibalu-DW14,17.6183,81.9854,Dug Well,1.05,65,05-12-2024 21:16
dwlr_ap_189,Andhra Pradesh,East Godavari,Y.Ramavaram,P Yerragonda,P Yerragonda-DW14,17.6583,81.9492,Dug Well,4.32,49,05-12-2024 21:16
dwlr_ap_190,Andhra Pradesh,West Godavari,Serilingampalle,Serilingampalle,Serilingampalle-DW13,16.7308,81.5654,Dug Well,1.35,9,05-12-2024 21:16
dwlr_ap_191,Andhra Pradesh,Guntur,Amaravati,Amravathi-Dw,Amravathi-Dw,16.5733,80.3612,Dug Well,1.27,49,05-12-2024 21:16
dwlr_ap_192,Andhra Pradesh,Guntur,Amaravati,Narakullapodu,Narakullapodu-DW14,16.5329,80.3663,Dug Well,2.09,22,05-12-2024 21:16
dwlr_ap_193,Andhra Pradesh,Guntur,Amaravati,Ungutur,Ungutur,16.4941,80.3645,Dug Well,1.85,43,05-12-2024 21:16
dwlr_ap_194,Andhra Pradesh,Guntur,Amaravati,Zupudi,Zupudi,16.5661,80.2572,Dug Well,2.43,74,05-12-2024 21:16
dwlr_ap_195,Andhra Pradesh,Guntur,Amruthaluru,Govada,Govada,16.0701,80.667,Dug Well,2.47,81,05-12-2024 21:16
dwlr_ap_196,Andhra Pradesh,Guntur,Amruthaluru,Kuchipudi,Kuchipudi,16.1847,80.6595,Dug Well,0.96,37,05-12-2024 21:16
dwlr_ap_197,Andhra Pradesh,Guntur,Atchampeta,Krosur,Krosur,16.5429,80.1393,Dug Well,2.25,11,05-12-2024 21:16
dwlr_ap_198,Andhra Pradesh,Guntur,Bapatla,Bapatla-Dw,Bapatla-Dw,15.9159,80.4824,Dug Well,2.77,28,05-12-2024 21:16
dwlr_ap_199,Andhra Pradesh,Guntur,Bapatla,Cheruvu Jamulapalem,Cheruvu Jamulapalem,15.9354,80.445,Dug Well,2.97,73,05-12-2024 21:16
dwlr_ap_200,Andhra Pradesh,Guntur,Battiprolu,Bhattiprolu,Bhattiprolu1-NQM,16.097266,80.786297,Bore Well,8.7,22,05-12-2024 21:16
dwlr_ap_201,Andhra Pradesh,Guntur,Battiprolu,Bhattiprolu,Bhattiprolu2-NQM,15.725602,80.005206,Bore Well,7.8,32,05-12-2024 21:16
dwlr_ap_202,Andhra Pradesh,Guntur,Battiprolu,Bhattiprolu,Bhattiprolu-NQM,16.0974,80.7865,Bore Well,8,12,05-12-2024 21:16
dwlr_ap_203,Andhra Pradesh,Guntur,Battiprolu,Bhattiprolu-Dw,Bhattiprolu-Dw,16.0966,80.7733,Dug Well,3.03,23,05-12-2024 21:16
dwlr_ap_204,Andhra Pradesh,Guntur,Bellamkonda,Bellamkonda,Bellamkonda-DW13,16.4922,80.0076,Dug Well,7.89,13,05-12-2024 21:16
dwlr_ap_205,Andhra Pradesh,Guntur,Bellamkonda,Utukuru,Utukuru,16.566,80.2018,Dug Well,1.95,88,05-12-2024 21:16
dwlr_ap_206,Andhra Pradesh,Guntur,Chebrolu,Chebrolu,Chebrolu,16.1986,80.5257,Dug Well,0.7,9,05-12-2024 21:16
dwlr_ap_207,Andhra Pradesh,Guntur,Chilakaluripet,Chilakaluripet,Chilakaluripet,16.0768,80.1451,Dug Well,1.8,85,05-12-2024 21:16
dwlr_ap_208,Andhra Pradesh,Guntur,Chirala,Chirala-DW14,Chirala-DW14,15.8256,80.3566,Dug Well,3.01,14,05-12-2024 21:16
dwlr_ap_209,Andhra Pradesh,Guntur,Chowduvalli,Chowduvalli,Chowduvalli1-DW13,15.9359,80.1009,Dug Well,1.88,51,05-12-2024 21:16
dwlr_ap_210,Andhra Pradesh,Guntur,Chowduvalli,Chowduvalli,Chowduvalli1-DW13,15.9774,80.0377,Dug Well,2.98,48,05-12-2024 21:16
dwlr_ap_211,Andhra Pradesh,Guntur,Guntur,Guntur,Guntur1,16.2841,80.4343,Dug Well,1.76,53,05-12-2024 21:16
dwlr_ap_212,Andhra Pradesh,Guntur,Krishna,Gannavaram,Gannavaram1,16.6217,80.7345,Dug Well,2.17,27,05-12-2024 21:16
dwlr_ap_213,Andhra Pradesh,Guntur,Krishna,Gannavaram,Gannavaram2,16.5442,80.7309,Dug Well,4.88,24,05-12-2024 21:16
dwlr_ap_214,Andhra Pradesh,Guntur,Krishna,Jaggayyapeta,Jaggayyapeta,16.8356,80.2684,Dug Well,3.02,73,05-12-2024 21:16
dwlr_ap_215,Andhra Pradesh,Guntur,Krishna,Jaggayyapeta,Jaggayyapeta,16.8084,80.2391,Dug Well,2.23,36,05-12-2024 21:16
dwlr_ap_216,Andhra Pradesh,Guntur,Krishna,Pedakurapadu,Pedakurapadu,16.2882,80.4209,Dug Well,2.99,14,05-12-2024 21:16
dwlr_ap_217,Andhra Pradesh,Guntur,Krosuru,Pisapadu,Pisapadu,16.4979,80.1431,Dug Well,3.4,89,05-12-2024 21:16
dwlr_ap_218,Andhra Pradesh,Guntur,Machavaram,Murjampadu,Murjampadu,16.5906,79.9084,Dug Well,5.65,17,05-12-2024 21:16
dwlr_ap_219,Andhra Pradesh,Guntur,Macherla,Macherla,Macherla Pz,16.4676,79.4272,Bore Well,14.4,83,05-12-2024 21:16
dwlr_ap_220,Andhra Pradesh,Guntur,Macherla,Vijayapuri,Vijayapuri 2012Pz,16.5598,79.3143,Bore Well,3.52,90,05-12-2024 21:16
dwlr_ap_221,Andhra Pradesh,Guntur,Medikonduru,Medikondur,Medikondur,16.3455,80.3023,Dug Well,2.92,67,05-12-2024 21:16
dwlr_ap_222,Andhra Pradesh,Guntur,Muppala,Gollapadu,Gollapadu DW13,16.3067,80.0833,Dug Well,1.9,80,05-12-2024 21:16
dwlr_ap_223,Andhra Pradesh,Guntur,Nadendla,Nadendla,Nadendla-DW14,16.1762,80.1843,Dug Well,2.7,15,05-12-2024 21:16
dwlr_ap_224,Andhra Pradesh,Guntur,Narsaraopet,Jonnalagadda,Jonnalagadda-DW14,16.2418,80.0829,Dug Well,1.49,57,05-12-2024 21:16
dwlr_ap_225,Andhra Pradesh,Guntur,Narsaraopet,Lingamguntla,Lingamguntla 2010Pz,16.231,80.0318,Bore Well,3.72,98,05-12-2024 21:16
dwlr_ap_226,Andhra Pradesh,Guntur,Narsaraopet,Pamidimarru,Pamidimarru-DW14,16.1286,80.022,Dug Well,4.85,11,05-12-2024 21:16
dwlr_ap_227,Andhra Pradesh,Guntur,Nizampatnam,Nijampatnam,Nijampatnam,15.9624,80.6638,Dug Well,1.21,92,05-12-2024 21:16
dwlr_ap_228,Andhra Pradesh,Guntur,Nizampatnam,Pallapatla-Dw,Pallapatla-Dw,15.971906,80.614139,Dug Well,1.83,86,05-12-2024 21:16
dwlr_ap_229,Andhra Pradesh,Guntur,Nuzendla,Inovolu,Inovolu,15.9932,79.6704,Dug Well,0.65,16,05-12-2024 21:16
dwlr_ap_230,Andhra Pradesh,Guntur,Pedanandipadu,Varagami,Varagami,16.085077,80.328973,Dug Well,5.93,26,05-12-2024 21:16
dwlr_ap_231,Andhra Pradesh,Guntur,Phirangipuram,Pirangipuram,Pirangipuram,16.288,80.2565,Dug Well,5.63,19,05-12-2024 21:16
dwlr_ap_232,Andhra Pradesh,Guntur,Piduguralla,Brahmanapally-Dw,Brahmanapally-Dw,16.5174,79.8311,Dug Well,2.92,95,05-12-2024 21:16
dwlr_ap_233,Andhra Pradesh,Guntur,Piduguralla,Brahmanpally,Brahmanpally 2012Pz,16.5183,79.8279,Bore Well,1.2,37,05-12-2024 21:16
dwlr_ap_234,Andhra Pradesh,Guntur,Piduguralla,Guttikonda,Guttikonda,16.4306,79.8322,Dug Well,3,25,05-12-2024 21:16
dwlr_ap_235,Andhra Pradesh,Guntur,Piduguralla,Pillutla,Pillutla,16.5385,79.9057,Dug Well,2.18,22,05-12-2024 21:16
dwlr_ap_236,Andhra Pradesh,Guntur,Piduguralla,Thummalacheruvu,Thummalacheruvu,16.5255,79.7987,Dug Well,3.64,12,05-12-2024 21:16
dwlr_ap_237,Andhra Pradesh,Guntur,Pittalavanipalem,Mannevaripalem-Dw,Mannevaripalem-Dw,15.9667,80.65054,Dug Well,0.88,37,05-12-2024 21:16
dwlr_ap_238,Andhra Pradesh,Guntur,Ponnuru,Kattempudi,Kattempudi-DW14,16.113528,80.455848,Dug Well,2.56,41,05-12-2024 21:16
dwlr_ap_239,Andhra Pradesh,Guntur,Ponnuru,Ponnur(Old),Ponnur(old),16.064657,80.543006,Dug Well,3.3,63,05-12-2024 21:16
dwlr_ap_240,Andhra Pradesh,Guntur,Prathipadu,Prattipadu,Prattipadu,16.1803,80.3318,Dug Well,1.19,55,05-12-2024 21:16
dwlr_ap_241,Andhra Pradesh,Guntur,Rajupalem,Kondamodu,Kondamodu,16.4608,79.9206,Dug Well,2.75,23,05-12-2024 21:16
dwlr_ap_242,Andhra Pradesh,Guntur,Rajupalem,Kondamodu,Kondamodu-DW13,16.4609,79.9204,Dug Well,7.2,67,05-12-2024 21:16
dwlr_ap_243,Andhra Pradesh,Guntur,Rentachintala,Rentachintala,Rentachintala,16.5514,79.5477,Dug Well,1.12,65,05-12-2024 21:16
dwlr_ap_244,Andhra Pradesh,Guntur,Rentachintala,Tummurukota,Tummurukota,16.5583,79.4611,Dug Well,1.6,45,05-12-2024 21:16
dwlr_ap_245,Andhra Pradesh,Guntur,Repalle,Repalle,Repalle,16.0288,80.8397,Dug Well,1.52,47,05-12-2024 21:16
dwlr_ap_246,Andhra Pradesh,Guntur,Repalle,Repalle,Repalle1-NQM,16.178917,80.750972,Bore Well,9.18,43,05-12-2024 21:16
dwlr_ap_247,Andhra Pradesh,Guntur,Repalle,Repalle,Repalle-NQM,16.0327778,80.8186111,Bore Well,10.58,87,05-12-2024 21:16
dwlr_ap_248,Andhra Pradesh,Guntur,Rompicherla,Rompicherla,Rompicherla,16.21,79.9133,Dug Well,2.12,93,05-12-2024 21:16
dwlr_ap_249,Andhra Pradesh,Guntur,Rompicherla,Rompicherla,Rompicherla 2010Pz,16.2128,79.9049,Bore Well,0.01,55,05-12-2024 21:16
dwlr_ap_250,Andhra Pradesh,Guntur,Rompicherla,Santhagudipadu,Santhagudipadu DW13,16.2534,79.9141,Dug Well,3.18,31,05-12-2024 21:16
dwlr_ap_251,Andhra Pradesh,Guntur,Sattenapalle,Rentapalle,Rentapalle,16.4713,80.1364,Dug Well,3.65,71,05-12-2024 21:16
dwlr_ap_252,Andhra Pradesh,Guntur,Sattenapalle,Sattenapalle,Sattenapalle-DW14,16.4063,80.1479,Dug Well,2.17,79,05-12-2024 21:16
dwlr_ap_253,Andhra Pradesh,Guntur,Savalyapuram,Velpur(G.Palem),Velpur(g.palem),16.2955,79.8648,Dug Well,2.86,92,05-12-2024 21:16
dwlr_ap_254,Andhra Pradesh,Guntur,Tadikonda,Mukkamala,Mukkamala-DW14,16.4519,80.375,Dug Well,5.5,55,05-12-2024 21:16
dwlr_ap_255,Andhra Pradesh,Guntur,Tadikonda,Ponnekallu,Ponnekallu,16.4043,80.4021,Dug Well,3.35,30,05-12-2024 21:16
dwlr_ap_256,Andhra Pradesh,Guntur,Tadikonda,Ravela,Ravela,16.418,80.3484,Dug Well,2.05,23,05-12-2024 21:16
dwlr_ap_257,Andhra Pradesh,Guntur,Tadikonda,Tadikonda-Dw,Tadikonda-Dw,16.4184903,80.4422593,Dug Well,2.55,87,05-12-2024 21:16
dwlr_ap_258,Andhra Pradesh,Guntur,Tenali,Sekuru,Sekuru,16.276545,80.476454,Dug Well,1.35,82,05-12-2024 21:16
dwlr_ap_259,Andhra Pradesh,Guntur,Tenali,Tenali,Tenali1-NQM,16.24374,80.631956,Bore Well,4.01,30,05-12-2024 21:16
dwlr_ap_260,Andhra Pradesh,Guntur,Tenali,Tenali,Tenali2-NQM,16.2411111,80.6316667,Bore Well,1.71,72,05-12-2024 21:16
dwlr_ap_261,Andhra Pradesh,Guntur,Tenali,Tenali,Tenali3-NQM,16.5456111,81.036851,Bore Well,3.71,98,05-12-2024 21:16
dwlr_ap_262,Andhra Pradesh,Guntur,Tenali,Tenali,Tenali-NQM,16.24374,80.631956,Bore Well,4.16,79,05-12-2024 21:16
dwlr_ap_263,Andhra Pradesh,Guntur,Thulluru,Mandhadam,Mandhadam-DW14,16.5145,80.5316,Dug Well,2.89,97,05-12-2024 21:16
dwlr_ap_264,Andhra Pradesh,Guntur,Thulluru,Pedda Parimi,Pedda Parimi,16.4599,80.4552,Dug Well,2.56,25,05-12-2024 21:16
dwlr_ap_265,Andhra Pradesh,Guntur,Thulluru,Thulluru-Dw,Thulluru-Dw,16.5304,80.4704,Dug Well,2.61,96,05-12-2024 21:16
dwlr_ap_266,Andhra Pradesh,Guntur,Thulluru,Vykuntapuram,Vykuntapuram,16.566,80.4127,Dug Well,1.78,18,05-12-2024 21:16
dwlr_ap_267,Andhra Pradesh,Guntur,Veldurti,Mandadi,Mandadi,16.4084,79.4054,Dug Well,6.76,84,05-12-2024 21:16
dwlr_ap_268,Andhra Pradesh,Guntur,Veldurti,Sirigiripadu,Sirigiripadu-alt,16.3043,79.3263,Dug Well,6.65,51,05-12-2024 21:16
dwlr_ap_269,Andhra Pradesh,Guntur,Vemuru,Chavali-Dw,Chavali-Dw,16.1389,80.7274,Dug Well,3.7,28,05-12-2024 21:16
dwlr_ap_270,Andhra Pradesh,Guntur,Vemuru,Vemuru,Vemuru-NQM,16.1788889,80.7508333,Bore Well,6.51,29,05-12-2024 21:16
dwlr_ap_271,Andhra Pradesh,Guntur,Vinukonda,Chikatigalapalem,Chikatigalapalem 2010Pz,16.1514,79.6172,Bore Well,3.4,60,05-12-2024 21:16
dwlr_ap_272,Andhra Pradesh,Guntur,Vinukonda,Edlapadu,Edlapadu,16.2614,79.5868,Dug Well,3.72,70,05-12-2024 21:16
dwlr_ap_273,Andhra Pradesh,Guntur,Vinukonda,Parigebadugur,Parigebadugur,16.0585,79.6507,Dug Well,3.5,50,05-12-2024 21:16
dwlr_ap_274,Andhra Pradesh,Guntur,Vinukonda,Peddadugur,Peddadugur 2012Pz,16.1653,79.5271,Bore Well,0.01,62,05-12-2024 21:16
dwlr_ap_275,Andhra Pradesh,Guntur,Vinukonda,Velugodu,Velugodu-Dw,16.2565,79.5819,Dug Well,1.9,17,05-12-2024 21:16
dwlr_ap_276,Andhra Pradesh,Guntur,Winukonda,Anugondla,Anugondla,16.3112,79.5761,Dug Well,0.01,10,05-12-2024 21:16
dwlr_ap_277,Andhra Pradesh,Guntur,Winukonda,Kurumaddali,Kurumaddali,16.2998,79.5632,Dug Well,0.3,38,05-12-2024 21:16
dwlr_ap_278,Andhra Pradesh,Krishna,Ibrahimpatnam,Ibrahimpatnam,Ibrahimpatnam,16.59016,80.52075,Dug Well,1,77,05-12-2024 21:16
dwlr_ap_279,Andhra Pradesh,Krishna,Jaggayyapeta,Muktyala,Muktyala-PZ 2,16.8273,80.076,Bore Well,21.4,53,05-12-2024 21:16
dwlr_ap_280,Andhra Pradesh,Krishna,Kaikaluru,Pallewada,Pallewada DW13,16.5794,81.28671,Dug Well,0.45,38,05-12-2024 21:16
dwlr_ap_281,Andhra Pradesh,Krishna,Kalidindi,Kalidindi,Kalidindi-DW14,16.505313,81.29022,Dug Well,2.5,15,05-12-2024 21:16
dwlr_ap_282,Andhra Pradesh,Krishna,Kanchikacherla,Kanchikacherla,Kanchikacherla 2010Pz,16.6811,80.395,Bore Well,3.25,85,05-12-2024 21:16
dwlr_ap_283,Andhra Pradesh,Krishna,Koduru,Koduru,Koduru-DW14,16.0073,81.0276,Dug Well,2,97,05-12-2024 21:16
dwlr_ap_284,Andhra Pradesh,Krishna,Koduru,Mandapakala,Mandapakala-DW14,15.9761,80.9981,Dug Well,2.4,18,05-12-2024 21:16
dwlr_ap_285,Andhra Pradesh,Krishna,Machilipatnam,Nimmakuru-Ntr,Nimmakuru-Ntr,16.2747,81.0051,Dug Well,3.84,88,05-12-2024 21:16
dwlr_ap_286,Andhra Pradesh,Krishna,Machilipatnam,Sultan Nagar,Sultan nagar,16.2001,81.1136,Dug Well,2.82,61,05-12-2024 21:16
dwlr_ap_287,Andhra Pradesh,Krishna,Mandavalli,Kaikaluru,Kaikaluru1,16.544557,81.199477,Dug Well,1.81,66,05-12-2024 21:16
dwlr_ap_288,Andhra Pradesh,Krishna,Mandavalli,Konakallu-Dw,Konakallu-Dw,16.46083,81.13434,Dug Well,1.53,16,05-12-2024 21:16
dwlr_ap_289,Andhra Pradesh,Krishna,Mandavalli,Mandavalli-Dw,Mandavalli-Dw,16.517757,81.16381,Dug Well,1.13,34,05-12-2024 21:16
dwlr_ap_290,Andhra Pradesh,Krishna,Movva,Ayyanki,Ayyanki,16.2657,80.9437,Dug Well,8.61,94,05-12-2024 21:16
dwlr_ap_291,Andhra Pradesh,Krishna,Mudinepalle,Bomminampadu,BomminampaduDW14,16.4735,81.217,Dug Well,1.5,20,05-12-2024 21:16
dwlr_ap_292,Andhra Pradesh,Krishna,Mudinepalle,Kopparagudem,Upparigudem,16.40835,81.17411,Dug Well,1.6,24,05-12-2024 21:16
dwlr_ap_293,Andhra Pradesh,Krishna,Mudinepalle,Mallapparajgudem,MallapparajgudemDW14,16.4091,81.2081,Dug Well,1.1,41,05-12-2024 21:16
dwlr_ap_294,Andhra Pradesh,Krishna,Mudinepalle,Singarayapalem,SingarayapalemDW14,16.410564,81.156416,Dug Well,1.6,41,05-12-2024 21:16
dwlr_ap_295,Andhra Pradesh,Krishna,Musunuru,Musunuru,Musunuru-DW15,16.82833,80.93496,Dug Well,10.5,85,05-12-2024 21:16
dwlr_ap_296,Andhra Pradesh,Krishna,Mylavaram,Chandragudem,Chandragudem,16.807878,80.630106,Dug Well,5.87,44,05-12-2024 21:16
dwlr_ap_297,Andhra Pradesh,Krishna,Mylavaram,Mailavaram,Mailavaram,16.75266,80.63925,Dug Well,1.73,18,05-12-2024 21:16
dwlr_ap_298,Andhra Pradesh,Krishna,Nagayalanka,Nagayalanka,Maripalem (Nagayalanka),15.949,80.922,Dug Well,3.07,79,05-12-2024 21:16
dwlr_ap_299,Andhra Pradesh,Krishna,Nandigama,Anasagaram,Anasagaram,16.789,80.2734,Dug Well,9.86,37,05-12-2024 21:16
dwlr_ap_300,Andhra Pradesh,Krishna,Nandigama,Itavaram-Dw,Itavaram-Dw,16.735018,80.3043,Dug Well,3.45,85,05-12-2024 21:16
dwlr_ap_301,Andhra Pradesh,Krishna,Nuzividu,Nuzivedu,Nuzivedu,16.786811,80.855,Dug Well,0.7,63,05-12-2024 21:16
dwlr_ap_302,Andhra Pradesh,Krishna,Nuzividu,Vadlamanu,Vadlamanu,16.72076,80.809203,Dug Well,1.32,76,05-12-2024 21:16
dwlr_ap_303,Andhra Pradesh,Krishna,Pamarru,Kurumaddali,Kurumaddali,16.331,80.926,Dug Well,1.86,26,05-12-2024 21:16
dwlr_ap_304,Andhra Pradesh,Krishna,Pamidimukkala,Movva,Movva,16.2269,80.9129,Dug Well,1.01,17,05-12-2024 21:16
dwlr_ap_305,Andhra Pradesh,Krishna,Pedana,Balliparru,Balliparru,16.277,81.1872,Dug Well,1.1,89,05-12-2024 21:16
dwlr_ap_306,Andhra Pradesh,Krishna,Pedana,Munjuluru,Munjuluru,16.3092,81.212,Dug Well,2.3,40,05-12-2024 21:16
dwlr_ap_307,Andhra Pradesh,Krishna,Pedana,Nadupur,Nadupur-DW14,16.283,81.1293,Dug Well,2.55,32,05-12-2024 21:16
dwlr_ap_308,Andhra Pradesh,Krishna,Pedana,Pedana New,Pedana New,16.2584,81.1455,Dug Well,1.88,11,05-12-2024 21:16
dwlr_ap_309,Andhra Pradesh,Krishna,Penuganchiprolu,Penuganchiprolu,PenuganchiproluDW14,16.90187,80.2471,Dug Well,2.45,28,05-12-2024 21:16
dwlr_ap_310,Andhra Pradesh,Krishna,Reddigudem,Kottareddigudem,KottareddigudemDW14,16.876774,80.741375,Dug Well,4.48,19,05-12-2024 21:16
dwlr_ap_311,Andhra Pradesh,Krishna,Tiruvuru,Chintalapadu-Dw,Chintalapadu-Dw,17.03118,80.555616,Dug Well,0.4,55,05-12-2024 21:16
dwlr_ap_312,Andhra Pradesh,Krishna,Tiruvuru,Tiruvur,Tiruvur,17.114346,80.6142,Dug Well,3.85,57,05-12-2024 21:16
dwlr_ap_313,Andhra Pradesh,Krishna,Vatsavai,Makkapeta,Makkapeta-DW14,16.92517,80.191503,Dug Well,3.5,15,05-12-2024 21:16
dwlr_ap_314,Andhra Pradesh,Krishna,Veerulapadu,Jagannadhapuram,Jagannadhapuram DW13,16.7295,80.4099,Dug Well,10.15,58,05-12-2024 21:16
dwlr_ap_315,Andhra Pradesh,Krishna,Vissannapeta,Vissannapet New,Vissannapet New,16.942,80.783546,Dug Well,2.82,90,05-12-2024 21:16
dwlr_ap_316,Andhra Pradesh,Krishna,Vuyyuru,Akunuru,Akunuru,16.392,80.1888,Dug Well,2.17,65,05-12-2024 21:16
dwlr_ap_317,Andhra Pradesh,Krishna,Vuyyuru,Kadavakollu,Kadavakollu,16.3966,80.8523,Dug Well,3.11,68,05-12-2024 21:16
dwlr_ap_318,Andhra Pradesh,Krishna,Vuyyuru,Tadanki,Tadanki,16.356,80.879685,Dug Well,3.03,34,05-12-2024 21:16
dwlr_ap_319,Andhra Pradesh,Kurnool,Adoni,Adoni Kota Veerabhadraswamigudi,Adoni Kota Veerabhadraswamigudi-DW14,15.6667,77.2875,Dug Well,4.1,19,05-12-2024 21:16
dwlr_ap_320,Andhra Pradesh,Kurnool,Adoni,Bapuram,Bapuram,15.7882,77.08347,Bore Well,3.17,11,05-12-2024 21:16
dwlr_ap_321,Andhra Pradesh,Kurnool,Adoni,Boddanakere,Doddanakere-DW14,15.69934,77.2849,Dug Well,6.69,12,05-12-2024 21:16
dwlr_ap_322,Andhra Pradesh,Kurnool,Adoni,Gulyam,Gulyam-DW13,15.3593027,77.0633251,Dug Well,6.16,80,05-12-2024 21:16
dwlr_ap_323,Andhra Pradesh,Kurnool,Adoni,Naganathanapali,Naganathanahalli,15.5607,77.22214,Dug Well,3.34,76,05-12-2024 21:16
dwlr_ap_324,Andhra Pradesh,Kurnool,Allagadda,Ahobilam,Ahobilam,15.13398,78.67252,Dug Well,8.53,97,05-12-2024 21:16
dwlr_ap_325,Andhra Pradesh,Kurnool,Alur,Aluru,Aluru1,15.39912,77.2235,Bore Well,4,28,05-12-2024 21:16
dwlr_ap_326,Andhra Pradesh,Kurnool,Atmakur,Atmakur (Alt),Atmakur (alt),15.87427,78.57705,Dug Well,1.46,30,05-12-2024 21:16
dwlr_ap_327,Andhra Pradesh,Kurnool,Atmakur,Venkatapuram,Venkatapuram2,15.88315,78.6544,Dug Well,2.53,36,05-12-2024 21:16
dwlr_ap_328,Andhra Pradesh,Kurnool,Banaganapalle,Banaganapalli,Banaganapalli-DW14,15.31297,78.22714,Dug Well,4.5,97,05-12-2024 21:16
dwlr_ap_329,Andhra Pradesh,Kurnool,Pattikonda,Rajala Mandagiri,Rajala MandagiriDW14,15.4359,77.4735,Dug Well,0.38,94,05-12-2024 21:16
dwlr_ap_330,Andhra Pradesh,Kurnool,Peapalle,Burugula,Burugula EW AQ-II,15.14486,77.94124,Bore Well,25.76,31,05-12-2024 21:16
dwlr_ap_331,Andhra Pradesh,Kurnool,Peapalle,Yenugumarri,Yenugumarri,15.2972222,77.7916667,Dug Well,2.95,20,05-12-2024 21:16
dwlr_ap_332,Andhra Pradesh,Kurnool,Rudravaram,Battulur,Battulur,15.2452,78.505777,Dug Well,3.68,20,05-12-2024 21:16
dwlr_ap_333,Andhra Pradesh,Kurnool,Srisailam,Srisailam,Srisailam-DW14,16.07588,78.8671,Dug Well,1.05,88,05-12-2024 21:16
dwlr_ap_334,Andhra Pradesh,Kurnool,Uyyalawada,Nossam,Nossam,14.98822,78.39186,Dug Well,2.95,27,05-12-2024 21:16
dwlr_ap_335,Andhra Pradesh,Kurnool,Veldurthi,Veldurti,Veldurti,15.5531,77.9269,Dug Well,2.12,80,05-12-2024 21:16
dwlr_ap_336,Andhra Pradesh,Kurnool,Velugodu,G Ragadi Gudur,G Ragadi Gudurdw14,15.71271,78.478413,Dug Well,1.08,52,05-12-2024 21:16
dwlr_ap_337,Andhra Pradesh,Nellore,Allur,Allur,Allur-DW13,14.6783333,80.0519444,Dug Well,0.23,42,05-12-2024 21:16
dwlr_ap_338,Andhra Pradesh,Nellore,Allur,Allur,Allur-NQM,14.680481,80.050014,Bore Well,1.53,97,05-12-2024 21:16
dwlr_ap_339,Andhra Pradesh,Nellore,Allur,S Sakapalli,Isakapalli-DW14,14.733379,80.096812,Dug Well,1.34,10,05-12-2024 21:16
dwlr_ap_340,Andhra Pradesh,Nellore,Allur,Sunnapubatti,Sunnapubatti,14.681736,79.973768,Dug Well,1.94,89,05-12-2024 21:16
dwlr_ap_341,Andhra Pradesh,Nellore,Atmakur,Atmakur,Atmakur,14.646369,79.613616,Dug Well,2.59,96,05-12-2024 21:16
dwlr_ap_342,Andhra Pradesh,Nellore,Atmakur,Kastam Pahad,Kastam Pahad-DW14,14.679528,79.538524,Dug Well,1.43,56,05-12-2024 21:16
dwlr_ap_343,Andhra Pradesh,Nellore,Atmakur,Venkatraopalli,Wasile-DW14,14.61695,79.672681,Dug Well,1.49,90,05-12-2024 21:16
dwlr_ap_344,Andhra Pradesh,Nellore,Balayapalli,Melchuru,Melchuru,13.908006,79.731489,Dug Well,0.19,92,05-12-2024 21:16
dwlr_ap_345,Andhra Pradesh,Nellore,Bogole,Bitragunta,Bitragunta-DW14,14.766012,80.003114,Dug Well,1.33,53,05-12-2024 21:16
dwlr_ap_346,Andhra Pradesh,Nellore,Bogole,Kadanothala,Kadanothala,14.790967,79.999678,Dug Well,0.21,70,05-12-2024 21:16
dwlr_ap_347,Andhra Pradesh,Nellore,Chejerla,Aduripalle-Dw,Aduripalle 2013Dw,14.442635,79.60458,Dug Well,5.32,71,05-12-2024 21:16
dwlr_ap_348,Andhra Pradesh,Nellore,Chejerla,Bodipadu,Bodipadu-DW13,14.516424,79.57495,Dug Well,5.13,66,05-12-2024 21:16
dwlr_ap_349,Andhra Pradesh,Nellore,Chejerla,Nagulavellaturu,NagulavellaturuDW13,14.494247,79.519515,Dug Well,1.57,11,05-12-2024 21:16
dwlr_ap_350,Andhra Pradesh,Nellore,Chillakur,Budamam,Budam-1,14.072159,79.890995,Dug Well,3.47,51,05-12-2024 21:16
dwlr_ap_351,Andhra Pradesh,Nellore,Chillakur,Ramareddypalem,RamareddypalemDW14,14.140425,80.006599,Dug Well,1.35,38,05-12-2024 21:16
dwlr_ap_352,Andhra Pradesh,Nellore,Chittamur,Aravapalem,Aravapalem,13.930517,80.038439,Dug Well,0.82,33,05-12-2024 21:16
dwlr_ap_353,Andhra Pradesh,Nellore,Doravarisatram,Krishnapuram,Krishnapuram,13.800026,79.952811,Dug Well,3.33,44,05-12-2024 21:16
dwlr_ap_354,Andhra Pradesh,Nellore,Duttalur,Bramheshpuram-Dw,Bramheshpuram 2012Dw,14.8545,79.459237,Dug Well,4.03,54,05-12-2024 21:16
dwlr_ap_355,Andhra Pradesh,Nellore,Duttalur,Nandipadu-Dw,Nandipadu 2013Dw,14.805896,79.344572,Dug Well,3.53,93,05-12-2024 21:16
dwlr_ap_356,Andhra Pradesh,Nellore,Duttalur,Udayagiri,Udayagiri,14.876139,79.311011,Dug Well,6,68,05-12-2024 21:16
dwlr_ap_357,Andhra Pradesh,Nellore,Gudur,Gollapalli,Gollapalli,14.110181,79.727021,Dug Well,4.1,67,05-12-2024 21:16
dwlr_ap_358,Andhra Pradesh,Nellore,Jaladandi,Tommidimile-Dw,Tommidimile 2013Dw,14.864245,79.884613,Dug Well,0.27,95,05-12-2024 21:16
dwlr_ap_359,Andhra Pradesh,Nellore,Kaligiri,Chennaannaluru-Dw,Chennaannaluru 2013Dw,14.910302,79.684154,Dug Well,2.61,71,05-12-2024 21:16
dwlr_ap_360,Andhra Pradesh,Nellore,Kaligiri,Kaligiri-Dw,Kaligiri 2013Dw,14.828717,79.69651,Dug Well,0.54,58,05-12-2024 21:16
dwlr_ap_361,Andhra Pradesh,Nellore,Kavali,Kavali,Kavali,14.908659,79.993861,Dug Well,0.8,60,05-12-2024 21:16
dwlr_ap_362,Andhra Pradesh,Nellore,Koluvoya,Kaluvaya,Kaluvaya,14.511303,79.412783,Dug Well,3.02,26,05-12-2024 21:16
dwlr_ap_363,Andhra Pradesh,Nellore,Kondapuram,Kondapuram,Kondapuram,14.992313,79.682117,Dug Well,3.36,26,05-12-2024 21:16
dwlr_ap_364,Andhra Pradesh,Nellore,Kondapuram,Tadaparthi-Alt,Tadaparthi-alt,14.517938,79.766096,Dug Well,0.52,55,05-12-2024 21:16
dwlr_ap_365,Andhra Pradesh,Nellore,Kondavalur,North Rajupalem,North rajupalem,14.557086,79.989582,Dug Well,1.33,55,05-12-2024 21:16
dwlr_ap_366,Andhra Pradesh,Nellore,Kota,Chittedu,Chittedu-dw14,14.054294,79.980287,Dug Well,1.36,84,05-12-2024 21:16
dwlr_ap_367,Andhra Pradesh,Nellore,Kota,Kesavaram,Kesavaram DW13,14.062342,79.960858,Dug Well,1.88,29,05-12-2024 21:16
dwlr_ap_368,Andhra Pradesh,Nellore,Kota,Vidyanagar-Alt,Vidyanagar-alt,14.030565,80.03122,Dug Well,1.36,98,05-12-2024 21:16
dwlr_ap_369,Andhra Pradesh,Nellore,Kovvur,Chouttucherla,Chouttucherla-DW14,14.6136,80.0472,Dug Well,0.26,70,05-12-2024 21:16
dwlr_ap_370,Andhra Pradesh,Nellore,Kovvur,Kovvuru,Kovvuru,14.502731,79.985252,Dug Well,0.01,53,05-12-2024 21:16
dwlr_ap_371,Andhra Pradesh,Nellore,Manubolu,Manubolu,Manubolu-DW14,14.191909,79.871827,Dug Well,1.7,25,05-12-2024 21:16
dwlr_ap_372,Andhra Pradesh,Nellore,Manubolu,Vadlapudi,Vadlapudi-dw14,14.303067,79.779209,Dug Well,1.91,99,05-12-2024 21:16
dwlr_ap_373,Andhra Pradesh,Nellore,Marripadu,Bata,Bata,14.718627,79.22008,Dug Well,3.39,11,05-12-2024 21:16
dwlr_ap_374,Andhra Pradesh,Nellore,Muthukur,Brahmadevam,Brahmadevam-DW13,14.349035,80.064271,Dug Well,1.18,12,05-12-2024 21:16
dwlr_ap_375,Andhra Pradesh,Nellore,Muthukur,Muthukur,Mahalakshmipurm,14.2747222,80.1,Dug Well,0.01,29,05-12-2024 21:16
dwlr_ap_376,Andhra Pradesh,Nellore,Muthukur,Muthukur,Muthukuru-NQM,14.295717,80.090029,Bore Well,15.63,92,05-12-2024 21:16
dwlr_ap_377,Andhra Pradesh,Nellore,Muthukur,Muthukuru,Muthukuru1,14.290059,80.094724,Dug Well,2.44,27,05-12-2024 21:16
dwlr_ap_378,Andhra Pradesh,Nellore,Naidupeta,Brahmanapuduru Agraharam,Brahmanapuduru Agraharam DW13,13.899047,79.926764,Dug Well,1.3,33,05-12-2024 21:16
dwlr_ap_379,Andhra Pradesh,Nellore,Nellore,Nellore-Dw,Nellore 2013Dw,14.436602,79.964175,Dug Well,3.53,75,05-12-2024 21:16
dwlr_ap_380,Andhra Pradesh,Nellore,Nellore,Tikkavaram,Tikkavaram,14.121136,79.958471,Dug Well,2.66,40,05-12-2024 21:16
dwlr_ap_381,Andhra Pradesh,Nellore,Podalakur,Podalakur,Podalakur,14.380954,79.730994,Dug Well,1.08,21,05-12-2024 21:16
dwlr_ap_382,Andhra Pradesh,Nellore,Podalakur,Telaprolu,Telaprolu,14.327759,79.822241,Dug Well,2.94,39,05-12-2024 21:16
dwlr_ap_383,Andhra Pradesh,Nellore,Santhanuthalapadu,Santhanuthalapadu,Santhanuthalapadu,14.657114,79.586133,Dug Well,1.72,42,05-12-2024 21:16
dwlr_ap_384,Andhra Pradesh,Nellore,Srikalahasti,Indluva,Indluva,13.904402,79.763524,Dug Well,1.45,50,05-12-2024 21:16
dwlr_ap_385,Andhra Pradesh,Nellore,Srikalahasti,Kistapuram,Kistapuram,13.964139,79.723336,Dug Well,3.48,36,05-12-2024 21:16
dwlr_ap_386,Andhra Pradesh,Nellore,Srikalahasti,Matti,Duvvuru,13.922129,79.671072,Dug Well,1.31,36,05-12-2024 21:16
dwlr_ap_387,Andhra Pradesh,Nellore,Srikalahasti,Matti,machayapalem-DW13,13.926559,79.707019,Dug Well,3.43,85,05-12-2024 21:16
dwlr_ap_388,Andhra Pradesh,Nellore,Srikalahasti,Srikalahasti,Srikalahasti-DW14,13.801452,79.747589,Dug Well,2.89,41,05-12-2024 21:16
dwlr_ap_389,Andhra Pradesh,Nellore,Varikuntapadu,Varikuntapadu,Varikuntapadu,14.639229,79.542274,Dug Well,3.04,31,05-12-2024 21:16
dwlr_ap_390,Andhra Pradesh,Prakasam,Chandrasekharapura,P Gogulapalle,P Gogulapalle,15.26,79.3247,Bore Well,3.47,51,05-12-2024 21:16
dwlr_ap_391,Andhra Pradesh,Prakasam,Chimakurti,Cheemakurthi,Cheemakurthi1,15.5778,79.8706,Bore Well,3.1,44,05-12-2024 21:16
dwlr_ap_392,Andhra Pradesh,Prakasam,Chimakurti,Chimakurti,Cheemakurthi,15.5885,79.8422,Dug Well,2.85,96,05-12-2024 21:16
dwlr_ap_393,Andhra Pradesh,Prakasam,Chinna Ganjam,Kadavakuduru,Kadavakuduru,15.726407,80.254279,Dug Well,3.67,39,05-12-2024 21:16
dwlr_ap_394,Andhra Pradesh,Prakasam,Chirala,Chirala,Chirala,15.829825,80.35458,Dug Well,3.25,22,05-12-2024 21:16
dwlr_ap_395,Andhra Pradesh,Prakasam,Chirala,Vadarevu,Vadarevu-DW14,15.797459,80.411024,Dug Well,2.25,100,05-12-2024 21:16
dwlr_ap_396,Andhra Pradesh,Prakasam,Darsi,Darsi,Darsi 2011pz,15.7625,79.6767,Bore Well,2.5,81,05-12-2024 21:16
dwlr_ap_397,Andhra Pradesh,Prakasam,Darsi,Darsi-New,Darsi-new,15.7714,79.6817,Dug Well,3.2,17,05-12-2024 21:16
dwlr_ap_398,Andhra Pradesh,Prakasam,Darsi,Voolagallu,Voolagallu,15.8053,79.7664,Dug Well,1.1,16,05-12-2024 21:16
dwlr_ap_399,Andhra Pradesh,Prakasam,Donakonda,Donakonda,Donakonda,15.831,79.4872,Dug Well,2.3,49,05-12-2024 21:16
dwlr_ap_400,Andhra Pradesh,Prakasam,Donakonda,P Venkatapuram,P Venkatapuram,15.7625,79.4762,Bore Well,23.8,23,05-12-2024 21:16
dwlr_ap_401,Andhra Pradesh,Prakasam,Donakonda,Rudra Samudram,Rudra Samudram,15.8375,79.3969,Bore Well,15.2,30,05-12-2024 21:16
dwlr_ap_402,Andhra Pradesh,West Godavari,West Godavari,West Godavari,West Godavari-1,16.72867,81.71143,Dug Well,5.18,53,05-12-2024 21:16
dwlr_ap_403,Andhra Pradesh,Prakasam,Dornala,Y.Cherlopalle,Y.Cherlopalle,15.9142,78.9755,Bore Well,18.31,76,05-12-2024 21:16
dwlr_ap_404,Andhra Pradesh,Prakasam,Giddalur,Mundlapadu,Mundlapadu,15.3422,78.9035,Bore Well,14.8,68,05-12-2024 21:16
dwlr_ap_405,Andhra Pradesh,Prakasam,Giddalur,Porumamilapalli,Porumamilapalli DW13,15.5622,79.0881,Dug Well,1.45,59,05-12-2024 21:16
dwlr_ap_406,Andhra Pradesh,Prakasam,Hanumanthunipadu,Nandanavanam,Nandanavanam,15.4669,79.2733,Bore Well,1.47,83,05-12-2024 21:16
dwlr_ap_407,Andhra Pradesh,Prakasam,Hanumanthunipadu,Thimmaredipalli,Thimmaredipalli,15.4839,79.3696,Bore Well,6.9,94,05-12-2024 21:16
dwlr_ap_408,Andhra Pradesh,Prakasam,Inkollu,Duddukuru,Duddukuru-DW13,15.742531,80.173032,Dug Well,2.81,9,05-12-2024 21:16
dwlr_ap_409,Andhra Pradesh,Prakasam,Inkollu,Inkollu,Inkollu-DW13,15.82632,80.191064,Dug Well,1.73,75,05-12-2024 21:16
dwlr_ap_410,Andhra Pradesh,Prakasam,JanakavaramPangullu,Muppavaram,Muppavaram,15.843068,80.051768,Dug Well,0.01,100,05-12-2024 21:16
dwlr_ap_411,Andhra Pradesh,Prakasam,JanakavaramPangullu,Muppavaram,Muppavaram1,15.8338,80.0463,Bore Well,4.38,20,05-12-2024 21:16
dwlr_ap_412,Andhra Pradesh,Prakasam,Kandukur,Kandukur,Kandukur,15.218531,79.911496,Dug Well,1.09,20,05-12-2024 21:16
dwlr_ap_413,Andhra Pradesh,Prakasam,Kanigiri,Alavalapadu,Alavalapadu 2012Pz,15.3314,79.6237,Bore Well,1.35,100,05-12-2024 21:16
dwlr_ap_414,Andhra Pradesh,Prakasam,Kanigiri,Alavalapadu,Pedda AlavalapaduDW14,15.3272,79.6267,Dug Well,4.4,88,05-12-2024 21:16
dwlr_ap_415,Andhra Pradesh,Prakasam,Kanigiri,Kanigiri,Kanigiri 2011pz,15.402966,78.57145,Bore Well,10.3,25,05-12-2024 21:16
dwlr_ap_416,Andhra Pradesh,Prakasam,Kanigiri,Nandana Marella,Nandana Marella,15.4833,79.5175,Bore Well,7.72,64,05-12-2024 21:16
dwlr_ap_417,Andhra Pradesh,Prakasam,Karamchedu,Duddapadu,Duddapadu-DW14,15.871731,80.3333,Dug Well,0.95,17,05-12-2024 21:16
dwlr_ap_418,Andhra Pradesh,Prakasam,Karamchedu,Karamchedu,Karamchedu,15.878197,80.209899,Dug Well,1.5,47,05-12-2024 21:16
dwlr_ap_419,Andhra Pradesh,Prakasam,Komarole,Rajupalem,Rajupalem,15.3302778,78.975,Bore Well,2.14,42,05-12-2024 21:16
dwlr_ap_420,Andhra Pradesh,Prakasam,Kondepi,Kondepi,Kondepi1,15.4133,79.8681,Bore Well,9.1,22,05-12-2024 21:16
dwlr_ap_421,Andhra Pradesh,Prakasam,Korisapadu,Medarametla,Medarametla-DW13,15.7280592,80.0175463,Dug Well,5,58,05-12-2024 21:16
dwlr_ap_422,Andhra Pradesh,Prakasam,Kurichedu,Gollapalli,Gollapalli,15.9267,79.3964,Dug Well,1.2,92,05-12-2024 21:16
dwlr_ap_423,Andhra Pradesh,Prakasam,Kurichedu,Kurichedu,Kurichedu1,15.8975,79.58,Bore Well,1.6,96,05-12-2024 21:16
dwlr_ap_424,Andhra Pradesh,Prakasam,Kurichedu,Vengaiahpalem,Vengaiahpalem,15.9236,79.5942,Dug Well,1.8,94,05-12-2024 21:16
dwlr_ap_425,Andhra Pradesh,Prakasam,Lingasamudram,Pentrala,Pentrala,15.0722,79.7147,Bore Well,5.53,90,05-12-2024 21:16
dwlr_ap_426,Andhra Pradesh,Prakasam,Maddipadu,Maddipadu,Maddipadu DW13,15.6121,80.0259,Dug Well,3.4,66,05-12-2024 21:16
dwlr_ap_427,Andhra Pradesh,Prakasam,Markapur,Gajjalakonda,Gajjalakonda,15.753057,79.38529,Bore Well,20.85,92,05-12-2024 21:16
dwlr_ap_428,Andhra Pradesh,Prakasam,Markapur,Idupur,Idupur-NQM,15.7698,79.2849,Bore Well,9.38,61,05-12-2024 21:16
dwlr_ap_429,Andhra Pradesh,Prakasam,Markapur,Komatikunta,Komatikunta,15.7525,79.2285,Bore Well,35.15,94,05-12-2024 21:16
dwlr_ap_430,Andhra Pradesh,Prakasam,Marripudi,Agraharam,Agraharam-DW14,15.5933,79.7267,Dug Well,6.52,44,05-12-2024 21:16
dwlr_ap_431,Andhra Pradesh,Prakasam,Marripudi,Juvvigunta,Juvvigunta,15.4339,79.7289,Bore Well,4.37,85,05-12-2024 21:16
dwlr_ap_432,Andhra Pradesh,Prakasam,Mundalamur,Marella,Marella,15.8713,79.9039,Bore Well,0.9,79,05-12-2024 21:16
dwlr_ap_433,Andhra Pradesh,Prakasam,Mundalamur,Uma Maheswarapuram,Uma Maheswarapuram,15.8385,79.8265,Bore Well,2.18,75,05-12-2024 21:16
dwlr_ap_434,Andhra Pradesh,Prakasam,Naguluppalapadu,Chedalavada,Chedalavada-DW13,15.61,80.0931,Dug Well,1,37,05-12-2024 21:16
dwlr_ap_435,Andhra Pradesh,Prakasam,Naguluppalapadu,Uppugundur,Uppugundur,15.6753,80.1639,Dug Well,1.2,65,05-12-2024 21:16
dwlr_ap_436,Andhra Pradesh,Prakasam,Ongole,Ongole-New,Ongole-new,15.5065,80.0583,Dug Well,1.1,95,05-12-2024 21:16
dwlr_ap_437,Andhra Pradesh,Prakasam,Ongole,Santanutalapadu,Santanutalapadu,15.5461,79.9394,Dug Well,2.41,33,05-12-2024 21:16
dwlr_ap_438,Andhra Pradesh,Prakasam,Pamuru,Ayyavarepalli,Ayyavarepalli-DW14,15.1126,79.5663,Dug Well,7.1,99,05-12-2024 21:16
dwlr_ap_439,Andhra Pradesh,Prakasam,Pamuru,Dubagunta,Dubagunta-DW14,14.915995,79.724755,Dug Well,1.45,37,05-12-2024 21:16
dwlr_ap_440,Andhra Pradesh,Prakasam,Pamuru,Malakonda,Malakonda,15.117493,79.640355,Dug Well,0.37,24,05-12-2024 21:16
dwlr_ap_441,Andhra Pradesh,Prakasam,Pamuru,Veggampalli,Veggampalli 2012pz,15.1994,79.8032,Bore Well,7.1,85,05-12-2024 21:16
dwlr_ap_442,Andhra Pradesh,Prakasam,Prakasam,Pedaparthi,Pedaparthi,15.2336,79.8278,Dug Well,6.62,47,05-12-2024 21:16
dwlr_ap_443,Andhra Pradesh,Prakasam,Prakasam,Prakasam 2,Prakasam 2,15.2562,79.7341,Bore Well,2.8,78,05-12-2024 21:16
dwlr_ap_444,Andhra Pradesh,Prakasam,Prakasam,Prakasam 3,Prakasam 3,15.2942,79.7247,Dug Well,4.7,51,05-12-2024 21:16
dwlr_ap_445,Andhra Pradesh,Prakasam,Veligandla,P Rallapalle,P Rallapalle,15.3447,79.2447,Bore Well,3.6,47,05-12-2024 21:16
dwlr_ap_446,Andhra Pradesh,Prakasam,Vetapalem,Pulleripalem,Pulleripalem-NQM,15.7400193,80.3246134,Bore Well,8.7,63,05-12-2024 21:16
dwlr_ap_447,Andhra Pradesh,Prakasam,Vetapalem,Vetapalem,Vetapalem-DW14,15.774246,80.304747,Dug Well,4.42,93,05-12-2024 21:16
dwlr_ap_448,Andhra Pradesh,Prakasam,Voletivaripalem,Malakonda,Malakonda,15.1152,79.6387,Bore Well,4.69,43,05-12-2024 21:16
dwlr_ap_449,Andhra Pradesh,Prakasam,Voletivaripalem,Pokur-Dw,Pokuru 2013Dw,15.178407,79.817903,Dug Well,0.25,21,05-12-2024 21:16
dwlr_ap_450,Andhra Pradesh,Prakasam,Voletivaripalem,Voletivaripalem,Voletivaripalem II,15.164894,79.72361,Bore Well,6.48,31,05-12-2024 21:16
dwlr_ap_451,Andhra Pradesh,Prakasam,Yerragondapalem,Boyalapalle,Boyalapalle,15.9667,79.3214,Bore Well,69.82,34,05-12-2024 21:16
dwlr_ap_452,Andhra Pradesh,Prakasam,Yerragondapalem,Veerbhadrapuram,Veerbhadrapuram,16.0575,79.2506,Bore Well,33.25,31,05-12-2024 21:16
dwlr_ap_453,Andhra Pradesh,Srikakulam,Amudalavalasa,Amudalavalasa,Amudalavalasa1,18.416645,83.904074,Dug Well,3.55,45,05-12-2024 21:16
dwlr_ap_454,Andhra Pradesh,Srikakulam,Gara,Chalavaripeta,Chalavaripeta DW13,18.509318,84.063205,Dug Well,2.8,96,05-12-2024 21:16
dwlr_ap_455,Andhra Pradesh,Srikakulam,Gara,Gara,Gara 2013DW,18.329796,84.051935,Dug Well,5.2,47,05-12-2024 21:16
dwlr_ap_456,Andhra Pradesh,Srikakulam,Gara,Kalingapatnam,Kalingapatnam,18.3428,84.1225,Dug Well,2.2,32,05-12-2024 21:16
dwlr_ap_457,Andhra Pradesh,Srikakulam,Gara,Pydi Bhimavaram,Pydi Bhimavaram DW13,18.1485,83.6262,Dug Well,1.45,62,05-12-2024 21:16
dwlr_ap_458,Andhra Pradesh,Srikakulam,Gara,Sallapeta,Sallapeta-DW13,18.295742,83.977417,Dug Well,2.63,89,05-12-2024 21:16
dwlr_ap_459,Andhra Pradesh,Srikakulam,Gara,Srikurmam,Srikurmam-DW13,18.272399,84.002811,Dug Well,2.72,83,05-12-2024 21:16
dwlr_ap_460,Andhra Pradesh,Srikakulam,Heeramandalam,Gotta,Gotta-DW13,18.693707,83.970653,Dug Well,1.5,86,05-12-2024 21:16
dwlr_ap_461,Andhra Pradesh,Srikakulam,Heeramandalam,Heeramandalam,Heeramandalam,18.675209,83.94893,Dug Well,2.4,26,05-12-2024 21:16
dwlr_ap_462,Andhra Pradesh,Srikakulam,Heeramandalam,Kollata,Kollata 2013DW,18.710251,84.004523,Dug Well,7.35,94,05-12-2024 21:16
dwlr_ap_463,Andhra Pradesh,Srikakulam,Heeramandalam,Pedda Sankhili,Pedda SankhiliDW16,18.7042,83.9278,Dug Well,4.1,29,05-12-2024 21:16
dwlr_ap_464,Andhra Pradesh,Srikakulam,Ichapuram,Ichapuram,Ichapuram,19.118381,84.68646,Dug Well,1.97,76,05-12-2024 21:16
dwlr_ap_465,Andhra Pradesh,Srikakulam,Kanchili,Kanchili,Kanchili,18.983658,84.584677,Dug Well,5.2,79,05-12-2024 21:16
dwlr_ap_466,Andhra Pradesh,Srikakulam,Kothabommali,Jarjangi,JarajangiDW2015,18.498953,84.132728,Dug Well,0.95,44,05-12-2024 21:16
dwlr_ap_467,Andhra Pradesh,Srikakulam,Kothabommali,Tharli Bodapadu,Tharli Bodapadu DW13,18.558681,84.184184,Dug Well,3.2,46,05-12-2024 21:16
dwlr_ap_468,Andhra Pradesh,Srikakulam,Kothuru,Kotturu,Kotturu-Alt,18.75,83.9,Dug Well,4.7,24,05-12-2024 21:16
dwlr_ap_469,Andhra Pradesh,Srikakulam,Kunduru,Ponduru,Ponduru,18.35559,83.755279,Dug Well,2.1,21,05-12-2024 21:16
dwlr_ap_470,Andhra Pradesh,Srikakulam,Laveru,Bejjipuram,Bejjipuram,18.233091,83.748019,Dug Well,1.2,41,05-12-2024 21:16
dwlr_ap_471,Andhra Pradesh,Srikakulam,Mandasa,Haripuram,Haripuram,18.845492,84.505514,Dug Well,3.59,34,05-12-2024 21:16
dwlr_ap_472,Andhra Pradesh,Srikakulam,Meliaputti,Jadupalli,JadupalliDW16,18.758404,84.233157,Dug Well,2.35,81,05-12-2024 21:16
dwlr_ap_473,Andhra Pradesh,Srikakulam,Meliaputti,Meliaputti,Meliaputti,18.77424,84.173579,Dug Well,2.4,92,05-12-2024 21:16
dwlr_ap_474,Andhra Pradesh,Srikakulam,Meliaputti,Pedda Padmapuram,Pedda Padmapuram DW13,18.759528,84.162021,Dug Well,2.75,31,05-12-2024 21:16
dwlr_ap_475,Andhra Pradesh,Srikakulam,Meliaputti,Sundarada,SundaradaDW2015,18.739432,84.134962,Dug Well,4.1,92,05-12-2024 21:16
dwlr_ap_476,Andhra Pradesh,Srikakulam,Nandigaon,Nandigaon,Nandigaon-DW13,18.656344,84.298623,Dug Well,1.7,72,05-12-2024 21:16
dwlr_ap_477,Andhra Pradesh,Srikakulam,Nandigaon,Pata Tekkali,Pata tekkali,18.630445,84.360113,Dug Well,1.92,56,05-12-2024 21:16
dwlr_ap_478,Andhra Pradesh,Srikakulam,Palakonda,Palakonda,Palakonda,18.598121,83.765525,Dug Well,6.15,50,05-12-2024 21:16
dwlr_ap_479,Andhra Pradesh,Srikakulam,Palakonda,Thumarada,ThumaradaDW16,18.608461,83.714339,Dug Well,6.2,69,05-12-2024 21:16
dwlr_ap_480,Andhra Pradesh,Srikakulam,Palasa,Palasa,Palasa DW13,18.757042,84.417474,Dug Well,0.85,100,05-12-2024 21:16
dwlr_ap_481,Andhra Pradesh,Srikakulam,Palasa,Veerbhadrapuram,VeerbhadrapuramDW13,18.730299,84.364058,Dug Well,2.4,58,05-12-2024 21:16
dwlr_ap_482,Andhra Pradesh,Srikakulam,Patapatnam,Patapatnam,Patapatnam,18.751422,84.094085,Dug Well,3.9,13,05-12-2024 21:16
dwlr_ap_483,Andhra Pradesh,Srikakulam,Polaki,Kalingapatnam,KalingapatnamAltDW 16,18.3428,84.1225,Dug Well,2.15,25,05-12-2024 21:16
dwlr_ap_484,Andhra Pradesh,Srikakulam,Rajam,Rajam,Rajam,18.445991,83.653369,Dug Well,1.77,71,05-12-2024 21:16
dwlr_ap_485,Andhra Pradesh,Srikakulam,Santabommali,Naupada,NaupadaDW2015,18.565053,84.299797,Dug Well,2.15,65,05-12-2024 21:16
dwlr_ap_486,Andhra Pradesh,Srikakulam,Saravakota,Aldu,Aldu,18.578096,84.053644,Dug Well,2.45,92,05-12-2024 21:16
dwlr_ap_487,Andhra Pradesh,Srikakulam,Seetampeta,Haddubangi,HaddubangiDW16,18.732,83.8257,Dug Well,4.2,82,05-12-2024 21:16
dwlr_ap_488,Andhra Pradesh,Srikakulam,Seetampeta,Sitampeta,Sitampeta1,18.69251,83.817155,Dug Well,6.4,74,05-12-2024 21:16
dwlr_ap_489,Andhra Pradesh,Srikakulam,Sompeta,Baruva,Baruva,18.881364,84.591524,Dug Well,2.31,71,05-12-2024 21:16
dwlr_ap_490,Andhra Pradesh,Srikakulam,Sompeta,Korlam,Korlam-DW13,18.905896,84.554213,Dug Well,2.15,96,05-12-2024 21:16
dwlr_ap_491,Andhra Pradesh,Srikakulam,Sompeta,Mamidipalli,MamidipalliDW2015,18.862675,84.547773,Dug Well,3.95,68,05-12-2024 21:16
dwlr_ap_492,Andhra Pradesh,Srikakulam,Sompeta,Sompeta,Sompeta DW13,18.939097,84.585721,Dug Well,3.4,45,05-12-2024 21:16
dwlr_ap_493,Andhra Pradesh,Srikakulam,Srikakulam,Arasavalli,Arasavalli-DW13,18.289035,83.915935,Dug Well,1.55,15,05-12-2024 21:16
dwlr_ap_494,Andhra Pradesh,Srikakulam,Srikakulam,Patasrikakulam,Patasrikakulam,18.272688,83.905147,Dug Well,6.17,36,05-12-2024 21:16
dwlr_ap_495,Andhra Pradesh,Srikakulam,Srikakulam,Peddapadu,PeddapaduDW16,18.315177,83.927259,Dug Well,3.95,63,05-12-2024 21:16
dwlr_ap_496,Andhra Pradesh,Srikakulam,Srikakulam,Ragolu,Ragolu,18.34453,83.893456,Bore Well,2.95,55,05-12-2024 21:16
dwlr_ap_497,Andhra Pradesh,Srikakulam,Tekkali,Tekkali,TekkaliDW2015,18.509604,84.189209,Dug Well,1.65,25,05-12-2024 21:16
dwlr_ap_498,Andhra Pradesh,Srikakulam,Tekkali,Uppara,Uppara,18.539845,84.126346,Dug Well,1.85,16,05-12-2024 21:16
dwlr_ap_499,Andhra Pradesh,Srikakulam,Veeraghattam,Veeraghattam,Veeraghattam,18.51732,83.717246,Dug Well,1.75,42,05-12-2024 21:16
dwlr_ap_500,Andhra Pradesh,Srikakulam,Veeraghattam,Velaga,Velaga,18.576537,83.633445,Dug Well,2.9,25,05-12-2024 21:16
dwlr_ap_501,Andhra Pradesh,Srikakulam,Veeraghattam,Veeraghattam,Veeraghattam1,18.574072,83.711046,Dug Well,4,69,05-12-2024 21:16
dwlr_ap_502,Andhra Pradesh,Srikakulam,Veeraghattam,Neelapuram,NeelapuramDW2015,18.539253,83.746118,Dug Well,3.3,34,05-12-2024 21:16
dwlr_ap_503,Andhra Pradesh,Visakhapatnam,Kotauratla,Kotauratla,Kotauratla,17.564869,82.686647,Dug Well,2.85,60,05-12-2024 21:16
dwlr_ap_504,Andhra Pradesh,Visakhapatnam,Kotauratla,Purshotta Puram,Purshotta Puram-alt2,17.502868,82.794094,Dug Well,1.72,62,05-12-2024 21:16
dwlr_ap_505,Andhra Pradesh,Visakhapatnam,Kotauratla,Yendapalli,Yendapalli DW13,17.611237,82.649909,Dug Well,1.5,79,05-12-2024 21:16
dwlr_ap_506,Andhra Pradesh,Visakhapatnam,Koyyuru,Koyyuru,Koyyuru1,17.6599,82.2194,Dug Well,1.66,62,05-12-2024 21:16
dwlr_ap_507,Andhra Pradesh,Visakhapatnam,Koyyuru,Pata K.D.Peta,Pata K D Peta,17.6723,82.3619,Dug Well,1.33,44,05-12-2024 21:16
dwlr_ap_508,Andhra Pradesh,Visakhapatnam,Nakkalli,Gurrajupeta,Gurrajupeta,17.400543,82.767981,Dug Well,2.15,34,05-12-2024 21:16
dwlr_ap_509,Andhra Pradesh,Visakhapatnam,Paderu,Garikabanda,Garikabanda,17.9453,82.7566,Dug Well,1.33,13,05-12-2024 21:16
dwlr_ap_510,Andhra Pradesh,Visakhapatnam,Paderu,Minimuluru,Minimuluru-DW13,18.0369,82.6999,Dug Well,8.73,96,05-12-2024 21:16
dwlr_ap_511,Andhra Pradesh,Visakhapatnam,Paderu,Paderu,Paderu,18.0795,82.6735,Dug Well,7.44,33,05-12-2024 21:16
dwlr_ap_512,Andhra Pradesh,Visakhapatnam,Paderu,Pontlamamidi,Vontlamamidi-DW13,17.9746,82.7334,Dug Well,1.9,92,05-12-2024 21:16
dwlr_ap_513,Andhra Pradesh,Visakhapatnam,Peddabayalu,Gamparai,Gamparai-DW14,18.1825,82.6374,Dug Well,2.86,42,05-12-2024 21:16
dwlr_ap_514,Andhra Pradesh,Visakhapatnam,Pendurti,Bandavaripalem,Bandavaripalem DW14,17.832418,83.229143,Dug Well,2.55,64,05-12-2024 21:16
dwlr_ap_515,Andhra Pradesh,Visakhapatnam,Pendurti,Gurrampalem,Gurrampalem-DW14,17.841679,83.215241,Dug Well,1.97,10,05-12-2024 21:16
dwlr_ap_516,Andhra Pradesh,Visakhapatnam,Pendurti,Pendurti,Pendurti,17.823467,83.208435,Dug Well,2.48,81,05-12-2024 21:16
dwlr_ap_517,Andhra Pradesh,Visakhapatnam,Rambilli,Pudimadaka,Pudimadaka,17.4928,83.002363,Dug Well,2.1,18,05-12-2024 21:16
dwlr_ap_518,Andhra Pradesh,Visakhapatnam,Ravikamatam,Kottakota,Kottakota-DW13,17.756201,82.7051,Dug Well,0.15,28,05-12-2024 21:16
dwlr_ap_519,Andhra Pradesh,Visakhapatnam,Ravikamatam,Medivoda,Medivoda,17.784505,82.779134,Dug Well,2.54,95,05-12-2024 21:16
dwlr_ap_520,Andhra Pradesh,Visakhapatnam,Rolugunta,Rolugunta,Rolugunta1,17.7129,82.6668,Dug Well,2.05,58,05-12-2024 21:16
dwlr_ap_521,Andhra Pradesh,Visakhapatnam,S.Rayavaram,Addaroddu,Addaroddu,17.432028,82.747588,Dug Well,1.1,17,05-12-2024 21:16
dwlr_ap_522,Andhra Pradesh,Visakhapatnam,S.Rayavaram,Rayavaram,Rayavaram,17.454764,82.802494,Dug Well,1.56,74,05-12-2024 21:16
dwlr_ap_523,Andhra Pradesh,Visakhapatnam,S.Rayavaram,Revupolavaram,Revupolavaram,17.397155,82.81776,Dug Well,1.8,87,05-12-2024 21:16
dwlr_ap_524,Andhra Pradesh,Visakhapatnam,Visakhapatnam(U),Kancherapalem,Kancherapalem 2011U,17.739024,83.266858,Dug Well,5.45,61,05-12-2024 21:16
dwlr_ap_525,Andhra Pradesh,Visakhapatnam,Visakhapatnam(U),Kotaveedhi,Kotaveedhi 2011U,17.6901,83.2919,Dug Well,5.2,93,05-12-2024 21:16
dwlr_ap_526,Andhra Pradesh,Visakhapatnam,Visakhapatnam(U),Lawsons Bay,Lawsons Bay 2011U,17.73279,83.341715,Dug Well,2.83,60,05-12-2024 21:16
dwlr_ap_527,Andhra Pradesh,Visakhapatnam,Visakhapatnam(U),Peddagadili-Arilova Junct.,Peddagadili-Arilova Junct. 2011U,17.7577,83.3258,Dug Well,5.35,79,05-12-2024 21:16
dwlr_ap_528,Andhra Pradesh,Visakhapatnam,Visakhapatnam(U),Pithapuram,Pithapuram 2011U,17.716983,83.326887,Dug Well,5.68,81,05-12-2024 21:16
dwlr_ap_529,Andhra Pradesh,Visakhapatnam,Visakhapatnam(U),Potinamallayapalem,Potinamallayapalem 2011U,17.802921,83.354195,Dug Well,14.2,96,05-12-2024 21:16
dwlr_ap_530,Andhra Pradesh,Visakhapatnam,Visakhapatnam(U),Rishikonda,Rishikonda 2011U,17.780096,83.385126,Dug Well,2,90,05-12-2024 21:16
dwlr_ap_531,Andhra Pradesh,Visakhapatnam,Visakhapatnam(U),Vepagunta,Vepagunta-DW14,17.775917,83.216775,Dug Well,3.02,59,05-12-2024 21:16
dwlr_ap_532,Andhra Pradesh,Visakhapatnam,Visakhapatnam(U),Visakhapatnam(U),Akkireddipalem 2010Pz,17.710432,83.205633,Bore Well,8.3,86,05-12-2024 21:16
dwlr_ap_533,Andhra Pradesh,Visakhapatnam,Visakhapatnam(U),Visakhapatnam(U),Anandapuram 2010Pz,17.894765,83.37243,Bore Well,12.9,62,05-12-2024 21:16
dwlr_ap_534,Andhra Pradesh,Visakhapatnam,Visakhapatnam(U),Visakhapatnam(U),Gopalapatnam 2010Pz,17.759064,83.218604,Bore Well,4.45,77,05-12-2024 21:16
dwlr_ap_535,Andhra Pradesh,Visakhapatnam,Visakhapatnam(U),Visalakshinagar,Visalakshinagar 2011U,17.754902,83.346895,Dug Well,1.85,27,05-12-2024 21:16
dwlr_ap_536,Andhra Pradesh,Visakhapatnam,Yelamanchili,Yelamanchili,Yelamanchili,17.546346,82.855656,Dug Well,5.42,9,05-12-2024 21:16
dwlr_ap_537,Andhra Pradesh,Vizianagaram,Badangi,Gajarayunivalasa,Gajarayunivalasa DW13,18.4873,83.3283,Dug Well,3.6,23,05-12-2024 21:16
dwlr_ap_538,Andhra Pradesh,Vizianagaram,Badangi,Maradam,Maradam,18.403888,83.336821,Dug Well,2.15,100,05-12-2024 21:16
dwlr_ap_539,Andhra Pradesh,Vizianagaram,Balijipeta,Balajipet,Balajipet,18.611327,83.528598,Dug Well,3.1,54,05-12-2024 21:16
dwlr_ap_540,Andhra Pradesh,Vizianagaram,Balijipeta,Chilakalapalli,Chilakalapalli DW13,18.592974,83.53333,Dug Well,2.4,98,05-12-2024 21:16
dwlr_ap_541,Andhra Pradesh,Vizianagaram,Balijipeta,Mirthivalasa,MirthivalasaDW16,18.62,83.48,Dug Well,3.15,71,05-12-2024 21:16
dwlr_ap_542,Andhra Pradesh,Vizianagaram,Bhogapuram,Maharajupeta,MaharajupetaDW16,17.9507,83.4181,Dug Well,4.65,25,05-12-2024 21:16
dwlr_ap_543,Andhra Pradesh,Vizianagaram,Bhogapuram,Rajapulova,Rajapulova-NQM,17.956383,83.419181,Bore Well,4.2,51,05-12-2024 21:16
dwlr_ap_544,Andhra Pradesh,Vizianagaram,Bobbili,Bobbili,Bobbili,18.571164,83.348724,Dug Well,2.25,83,05-12-2024 21:16
dwlr_ap_545,Andhra Pradesh,Vizianagaram,Bobbili,Vokadavalasa,Vokadavalasa 2013DW,18.609076,83.423646,Dug Well,2.8,69,05-12-2024 21:16
dwlr_ap_546,Andhra Pradesh,Vizianagaram,Bondapalle,Bondapalli,Bondapalli-DW13,18.2412,83.3463,Dug Well,2.1,49,05-12-2024 21:16
dwlr_ap_547,Andhra Pradesh,Vizianagaram,Bondapalle,Bondapalli,Bondapalli-NQM,18.242856,83.345242,Bore Well,9.6,49,05-12-2024 21:16
dwlr_ap_548,Andhra Pradesh,Vizianagaram,Bondapalle,Gotlam,Gotlam DW13,18.1636,83.3779,Dug Well,3.15,90,05-12-2024 21:16
dwlr_ap_549,Andhra Pradesh,Vizianagaram,Dattirajera,Dattirajeru,Dattirajeru-DW13,18.371839,83.400438,Dug Well,2.32,96,05-12-2024 21:16
dwlr_ap_550,Andhra Pradesh,Vizianagaram,Denkada,Denkada,Denkada-DW,18.0753,83.4789,Dug Well,3.9,15,05-12-2024 21:16
dwlr_ap_551,Andhra Pradesh,Vizianagaram,Gantyada,Kondatamarapali,Kondatamarapali 2011DW,18.603413,83.350357,Dug Well,3.6,95,05-12-2024 21:16
dwlr_ap_552,Andhra Pradesh,Vizianagaram,Gantyada,Guntupalli,Guntupalli DW16,18.6939,83.4734,Dug Well,4.02,96,05-12-2024 21:16
dwlr_ap_553,Andhra Pradesh,Vizianagaram,Gantyada,Gottivalasa,Gottivalasa-DW13,18.4828,83.4674,Dug Well,3.9,72,05-12-2024 21:16
dwlr_ap_554,Andhra Pradesh,Vizianagaram,Makkuva,Payakapadu,Payakapadu,18.646454,83.273074,Dug Well,1.95,71,05-12-2024 21:16
dwlr_ap_555,Andhra Pradesh,Vizianagaram,Merakamudidam,Garbham,Garbham,18.369,83.4535,Dug Well,5.25,46,05-12-2024 21:16
dwlr_ap_556,Andhra Pradesh,Vizianagaram,Parvatipuram,Parvatipuram,Parvatipuram1,18.772475,83.423747,Dug Well,3.58,53,05-12-2024 21:16
dwlr_ap_557,Andhra Pradesh,Vizianagaram,Puspatirega,Kanimetta,Kanimetta,18.126246,83.588577,Dug Well,3.05,84,05-12-2024 21:16
dwlr_ap_558,Andhra Pradesh,Vizianagaram,Puspatirega,Natavalasa,Natavalasa,18.062745,83.525397,Dug Well,5.35,47,05-12-2024 21:16
dwlr_ap_559,Andhra Pradesh,Vizianagaram,Ramabhadrapuram,Tarapuramdw,TarapuramDW2015,18.502327,83.253779,Dug Well,2.65,37,05-12-2024 21:16
dwlr_ap_560,Andhra Pradesh,Vizianagaram,Saluru,Saluru,Saluru,18.524491,83.207649,Dug Well,7.29,56,05-12-2024 21:16
dwlr_ap_561,Andhra Pradesh,Vizianagaram,Saluru,Sanyasirajpeta,Sanyasirajpeta2013DW,18.5783,83.2397,Dug Well,3.2,10,05-12-2024 21:16
dwlr_ap_562,Andhra Pradesh,Vizianagaram,Seetanagaram,Appayyapet,Appayyapet DW13,18.677154,83.372468,Dug Well,3.2,29,05-12-2024 21:16
dwlr_ap_563,Andhra Pradesh,Vizianagaram,Srungavarapukota,Gouripuram,Gouripuram DW13,18.155,83.1318,Dug Well,1.55,65,05-12-2024 21:16
dwlr_ap_564,Andhra Pradesh,Vizianagaram,Srungavarapukota,S.Kota,S.kota,18.115942,83.137802,Dug Well,1.15,77,05-12-2024 21:16
dwlr_ap_565,Andhra Pradesh,Vizianagaram,Therlam,Agraharam,Agraharam,18.462134,83.498205,Dug Well,2.4,15,05-12-2024 21:16
dwlr_ap_566,Andhra Pradesh,Vizianagaram,Therlam,Kollivalasa,Kollivalasa 2013DW,18.522121,83.526977,Dug Well,0.85,32,05-12-2024 21:16
dwlr_ap_567,Andhra Pradesh,Vizianagaram,Therlam,Locherladw,Locherladw2015,18.48406,83.534317,Dug Well,2.3,58,05-12-2024 21:16
dwlr_ap_568,Andhra Pradesh,Vizianagaram,Vizianagaram,Vijayanagaram,Vijayanagaram,18.103877,83.393951,Dug Well,4.35,91,05-12-2024 21:16
dwlr_ap_569,Andhra Pradesh,West Godavari,Akiveedu,Akiveedu,Akiveedu-DW14,16.583,81.3889,Dug Well,1.17,86,05-12-2024 21:16
dwlr_ap_570,Andhra Pradesh,West Godavari,Attili,Attili,Attili-B,16.686,81.6052,Dug Well,2.57,20,05-12-2024 21:16
dwlr_ap_571,Andhra Pradesh,West Godavari,Attili,Attili,Attili-NQM,16.6984,81.6176,Bore Well,21.18,20,05-12-2024 21:16
dwlr_ap_572,Andhra Pradesh,West Godavari,Bhimavaram,Narsimhapuram,NarsimhapuramDW14,16.5582,81.5017,Dug Well,1.14,98,05-12-2024 21:16
dwlr_ap_573,Andhra Pradesh,West Godavari,Buttayagudem,Buttayagudem,ButtayagudemDW14,17.198837,81.318827,Dug Well,2.45,47,05-12-2024 21:16
dwlr_ap_574,Andhra Pradesh,West Godavari,Buttayagudem,Gunjavaram,Gunjavaram-DW14,17.2036,81.4172,Dug Well,2.95,53,05-12-2024 21:16
dwlr_ap_575,Andhra Pradesh,West Godavari,Buttayagudem,Polavaram,Polavaram-alt,17.25025,81.6457,Dug Well,5.68,91,05-12-2024 21:16
dwlr_ap_576,Andhra Pradesh,West Godavari,Chintalapudi,Erraguntlapalli,Erraguntlapalli,17.14538,81.0098,Dug Well,4.97,61,05-12-2024 21:16
dwlr_ap_577,Andhra Pradesh,West Godavari,Dwarakatirumala,Lakshmipuram,LakshmipuramDW14,16.822449,81.057024,Dug Well,1.75,46,05-12-2024 21:16
dwlr_ap_578,Andhra Pradesh,West Godavari,Eluru,Eluru,Eluru(Postal colony)-DW14,16.710913,81.1102,Dug Well,4.1,72,05-12-2024 21:16
dwlr_ap_579,Andhra Pradesh,West Godavari,Eluru,Eluru,Eluru-DW13,16.704245,81.085132,Dug Well,2.2,12,05-12-2024 21:16
dwlr_ap_580,Andhra Pradesh,West Godavari,Eluru,Ipangadi,Ipangadi,17.0183,81.6484,Dug Well,1.39,51,05-12-2024 21:16
dwlr_ap_581,Andhra Pradesh,West Godavari,Ganapavaram,Sarepalle,Sarepalle-DW14,16.6886,81.4654,Dug Well,2.95,62,05-12-2024 21:16
dwlr_ap_582,Andhra Pradesh,West Godavari,Gopalapuram,Chityala,Chityala-DW14,17.0895,81.5966,Dug Well,2.5,24,05-12-2024 21:16
dwlr_ap_583,Andhra Pradesh,West Godavari,Gopalapuram,Gopalpuram,Dondapudi-DW14,17.2097,81.544,Dug Well,8.25,34,05-12-2024 21:16
dwlr_ap_584,Andhra Pradesh,West Godavari,Gopalapuram,Gopalpuram,Gopalpuram,17.1011,81.5482,Dug Well,3.01,87,05-12-2024 21:16
dwlr_ap_585,Andhra Pradesh,West Godavari,Iragavaram,Gowrabalu,Gowrabalu-DW13,16.6983,81.6309,Dug Well,1.83,77,05-12-2024 21:16
dwlr_ap_586,Andhra Pradesh,West Godavari,Iragavaram,Iragavaram,Iragavaram1-NQM,16.6906,81.7062,Bore Well,16.64,100,05-12-2024 21:16
dwlr_ap_587,Andhra Pradesh,West Godavari,Iragavaram,Iragavaram,Iragavaram2-NQM,16.6906,81.7062,Bore Well,16.15,94,05-12-2024 21:16
dwlr_ap_588,Andhra Pradesh,West Godavari,Iragavaram,Iragavaram,Iragavaram3-NQM,16.6906,81.7062,Bore Well,3.87,53,05-12-2024 21:16
dwlr_ap_589,Andhra Pradesh,West Godavari,Iragavaram,Iragavaram,Iragavaram-NQM,16.6908,81.7069,Bore Well,6.34,64,05-12-2024 21:16
dwlr_ap_590,Andhra Pradesh,West Godavari,Jangareddigudem,Koyyalagudem,Koyyalagudem DW12,17.123807,81.427034,Dug Well,10.3,81,05-12-2024 21:16
dwlr_ap_591,Andhra Pradesh,West Godavari,Jangareddigudem,Pottalakatttugudem,PottalakatttugudemDW13,16.936,81.253,Dug Well,2.9,65,05-12-2024 21:16
dwlr_ap_592,Andhra Pradesh,West Godavari,Kamavarapukota,Kamavarapukota,Kamavarapukota1,17.008048,81.191217,Dug Well,2.1,56,05-12-2024 21:16
dwlr_ap_593,Andhra Pradesh,West Godavari,Kovvuru,Kovvuru,Kovvuru-DW13,17.0036,81.7416,Dug Well,1.3,35,05-12-2024 21:16
dwlr_ap_594,Andhra Pradesh,West Godavari,Koyyalagudem,Kanapuram,Kanapuram-DW14,17.1878,81.417559,Dug Well,3.5,45,05-12-2024 21:16
dwlr_ap_595,Andhra Pradesh,West Godavari,Lingapalem,Dharmajigudem,Dharmajigudem1,16.893317,80.93496,Dug Well,8,75,05-12-2024 21:16
dwlr_ap_596,Andhra Pradesh,West Godavari,Mogalturu,Kummarapurugu,Kummarapurugu2013DW,16.3677,81.6038,Dug Well,0.56,72,05-12-2024 21:16
dwlr_ap_597,Andhra Pradesh,West Godavari,Mogalturu,Mogalturu,Mogalturu-DW13,16.4135,81.6142,Dug Well,1.15,28,05-12-2024 21:16
dwlr_ap_598,Andhra Pradesh,West Godavari,Mogalturu,Perupalem,Perupalem2013DW,16.378,81.5837,Dug Well,1.57,23,05-12-2024 21:16
dwlr_ap_599,Andhra Pradesh,West Godavari,Narsapur,Narsapuram,Narsapuram,16.4323,81.6933,Dug Well,1.04,12,05-12-2024 21:16
dwlr_ap_600,Andhra Pradesh,West Godavari,Narsapur,Narsapuram,Narsapuram1-NQM,16.4572,81.707,Bore Well,30.13,66,05-12-2024 21:16
dwlr_ap_601,Andhra Pradesh,West Godavari,Narsapur,Narsapuram,Narsapuram2-NQM,16.4572,81.707,Bore Well,24.49,79,05-12-2024 21:16
dwlr_ap_602,Andhra Pradesh,West Godavari,Nidadavole,Goparam,Goparam-DW13,16.916,81.6972,Dug Well,3.1,82,05-12-2024 21:16
dwlr_ap_603,Andhra Pradesh,West Godavari,Nidadavole,Munipalli,Munipalli-DW13,16.8685,81.7101,Dug Well,0.74,72,05-12-2024 21:16
dwlr_ap_604,Andhra Pradesh,West Godavari,Pedapadu,Pedapadu,Pedapadu,17.021407,81.538928,Dug Well,4.25,39,05-12-2024 21:16
dwlr_ap_605,Andhra Pradesh,West Godavari,Pedapadu,Pedapadu,Pedapadu(13DW),17.0293,81.5024,Dug Well,1.93,50,05-12-2024 21:16
dwlr_ap_606,Andhra Pradesh,West Godavari,Polavaram,Polavaram,Polavaram-DW13,17.0718,81.6394,Dug Well,2.76,17,05-12-2024 21:16
dwlr_ap_607,Andhra Pradesh,West Godavari,Polavaram,Polavaram,Polavaram-2015DW,17.0549,81.6631,Dug Well,3.11,65,05-12-2024 21:16
dwlr_ap_608,Andhra Pradesh,West Godavari,Polavaram,Polavaram1,Polavaram1-DW13,17.0748,81.6553,Dug Well,1.87,24,05-12-2024 21:16
dwlr_ap_609,Andhra Pradesh,West Godavari,Polavaram,Polavaram2,Polavaram2-DW13,17.0785,81.6584,Dug Well,3.53,78,05-12-2024 21:16
