dwlr_id,state,district,block_name,village,site_name,latitude,longitude,well_site_type,water_level,battery_level,timestamp
dwlr_ar_001,Arunachal Pradesh,Changlang,Manmao-Jairampur Circle,Jairampur,Jairampur,27.35609,96.014443,Dug Well,5.21,29,05-12-2024 19:36
dwlr_ar_002,Arunachal Pradesh,Changlang,Miao Circle,Namchik,Namchik,27.414577,95.971986,Dug Well,4.73,78,05-12-2024 19:36
dwlr_ar_003,Arunachal Pradesh,Changlang,Miao Circle,Namphai,Namphai,27.446084,96.10863,Dug Well,4.3,79,05-12-2024 19:36
dwlr_ar_004,Arunachal Pradesh,Changlang,Miao Circle,Newlisan Kharsang,Newlisan Kharsang,27.426901,96.041802,Dug Well,6.01,11,05-12-2024 19:36
dwlr_ar_005,Arunachal Pradesh,East Siang,Pasighat,Pasighat New,Pasighat New,28.0362222,95.33575,Dug Well,10.24,91,05-12-2024 19:36
dwlr_ar_006,Arunachal Pradesh,East Siang,Pasighat,Satmile,Satmile,27.97672,95.33163,Dug Well,2.09,29,05-12-2024 19:36
dwlr_ar_007,Arunachal Pradesh,East Siang,Ruksin,Oyan,Oyan,27.89022,95.31833,Dug Well,9.03,97,05-12-2024 19:36
dwlr_ar_008,Arunachal Pradesh,East Siang,Ruksin,Ruksin,Ruksin,27.8377778,95.2181667,Dug Well,1.73,41,05-12-2024 19:36
dwlr_ar_009,Arunachal Pradesh,East Siang,Ruksin,Sika Baman Todee,Sika Baman Todee,27.9133333,95.3436111,Dug Well,5.22,89,05-12-2024 19:36
dwlr_ar_010,Arunachal Pradesh,Lohit,Namsai Circle,Lathow,Lathow,27.73948,95.909805,Dug Well,5.77,85,05-12-2024 19:36
dwlr_ar_011,Arunachal Pradesh,Lower Dibang Valley,Roing,Kangklong,Kangklong,27.97171,95.75741,Dug Well,11.02,96,05-12-2024 19:36
dwlr_ar_012,Arunachal Pradesh,Lower Subansiri,Tamen-Raga,Bomte,Bomte,27.8166667,94.3166667,Dug Well,1.53,62,05-12-2024 19:36
dwlr_ar_013,Arunachal Pradesh,Lower Subansiri,Tamen-Raga,Rajgarh,Rajgarh,27.40475,94.15225,Dug Well,5.27,92,05-12-2024 19:36
dwlr_ar_014,Arunachal Pradesh,Papumpare,Balijan,Banderedewa,Banderedewa I,27.1052778,93.8258333,Dug Well,11.47,45,05-12-2024 19:36
dwlr_ar_015,Arunachal Pradesh,Papumpare,Balijan,Holangi New,Holangi New,26.96228,93.59205,Dug Well,2.86,50,05-12-2024 19:36
dwlr_ar_016,Arunachal Pradesh,Papumpare,Balijan,Sonajuli,Sonajuli,27.0281389,93.7413056,Dug Well,2.48,33,05-12-2024 19:36
dwlr_ar_017,Arunachal Pradesh,Papumpare,Doimukh,Chimpu,Chimpu,27.07,93.6,Dug Well,3.12,22,05-12-2024 19:36
dwlr_ar_018,Arunachal Pradesh,Papumpare,Doimukh,Doimukh,Doimukh,27.15,93.75,Dug Well,1.14,21,05-12-2024 19:36
dwlr_ar_019,Arunachal Pradesh,Papumpare,Doimukh,Naharlagun,Naharlagun I,27.1030556,93.6947222,Dug Well,6.1,86,05-12-2024 19:36
dwlr_ar_020,Arunachal Pradesh,Papumpare,Doimukh,Nirjuli Villia,Nirjuli Vill IIA,27.1311111,93.7330556,Dug Well,0.05,58,05-12-2024 19:36
dwlr_ar_021,Arunachal Pradesh,Papumpare,Doimukh,Nirjuli Villib,Nirjuli Vill IIB,27.13,93.7336111,Dug Well,0.56,13,05-12-2024 19:36
dwlr_ar_022,Arunachal Pradesh,Papumpare,Doimukh,Papu Nallah,Papu Nallah,27.0986,93.66948,Dug Well,3.81,17,05-12-2024 19:36
dwlr_ar_023,Arunachal Pradesh,Papumpare,Kimin,Kimin New,Kimin New,27.30428,93.97071,Dug Well,0.82,76,05-12-2024 19:36
dwlr_ar_024,Arunachal Pradesh,Tirap,Deomali Circle,Deomali,Deomali,27.196588,95.462758,Dug Well,4.35,42,05-12-2024 19:36
dwlr_ar_025,Arunachal Pradesh,Tirap,Khonsa Circle,Borduria,Borduria,27.115189,95.413139,Dug Well,5.11,22,05-12-2024 19:36
dwlr_ar_026,Arunachal Pradesh,Tirap,Khonsa Circle,Hukanjuri,Hukanjuri,27.125802,95.437686,Dug Well,7.67,38,05-12-2024 19:36
