dwlr_id,state,district,block_name,village_name,site_name,latitude,longitude,well_site_type,water_level,battery_level,timestamp
dwlr_wb_001,West Bengal,Alipurduar,Alipurduar I,Alipurduar,Alipurduar,26.49722,89.52406,Dug Well,3.74,96,05-12-2024 20:05
dwlr_wb_002,West Bengal,Alipurduar,Alipurduar I,Gharagharia,Gharagharia,26.46679,89.42959,Dug Well,5.08,21,05-12-2024 20:05
dwlr_wb_003,West Bengal,Alipurduar,Alipurduar Ii,Bhatibari ,Bhatibari ,26.43222,89.61417,Dug Well,3.71,73,05-12-2024 20:05
dwlr_wb_004,West Bengal,Alipurduar,Alipurduar Ii,Salsalabari,Salsalabari,26.48764,89.59029,Dug Well,4.13,95,05-12-2024 20:05
dwlr_wb_005,West Bengal,Alipurduar,Falakata,Bengkandi,Bengkandi,26.63399,89.14578,Dug Well,4.72,48,05-12-2024 20:05
dwlr_wb_006,West Bengal,Alipurduar,Falakata,Falakata,Falakata,26.51474,89.19953,Dug Well,4.81,100,05-12-2024 20:05
dwlr_wb_007,West Bengal,Alipurduar,Falakata,Jateswar,Jateswar,26.61531,89.14734,Dug Well,2.38,43,05-12-2024 20:05
dwlr_wb_008,West Bengal,Alipurduar,Kalchini,Dabri,Dabri,26.68818,89.40527,Dug Well,2.2,22,05-12-2024 20:05
dwlr_wb_009,West Bengal,Alipurduar,Kalchini,Hasimara,HasIMARA,26.72475,89.34975,Dug Well,6.07,30,05-12-2024 20:05
dwlr_wb_010,West Bengal,Alipurduar,Kalchini,Jaigaon,Jaigaon,26.83947,89.38029,Dug Well,22.21,90,05-12-2024 20:05
dwlr_wb_011,West Bengal,Alipurduar,Kalchini,Millpara Pampu Basti,Millpara Pampu Basti,26.60951,89.52908,Dug Well,2.23,68,05-12-2024 20:05
dwlr_wb_012,West Bengal,Alipurduar,Kalchini,Raja Bhat Khawa,Raja Bhat Khawa,26.61464,89.53039,Dug Well,2.71,25,05-12-2024 20:05
dwlr_wb_013,West Bengal,Alipurduar,Kumargram,Barovisa More,Barovisa More,26.4731,89.79895,Dug Well,4.15,21,05-12-2024 20:05
dwlr_wb_014,West Bengal,Alipurduar,Kumargram,Ghoksapara,Ghoksapara,26.53445,89.82036,Dug Well,2.85,14,05-12-2024 20:05
dwlr_wb_015,West Bengal,Alipurduar,Kumargram,Ghoramara,Ghoramara,26.54847,89.82097,Dug Well,2.16,46,05-12-2024 20:05
dwlr_wb_016,West Bengal,Alipurduar,Kumargram,Hemaguri,Hemaguri,26.5603,89.82348,Dug Well,2.57,95,05-12-2024 20:05
dwlr_wb_017,West Bengal,Alipurduar,Kumargram,Kamekshaguri (Shantinagar),Kamekshaguri (Shantinagar),26.46125,89.72002,Dug Well,3.44,98,05-12-2024 20:05
dwlr_wb_018,West Bengal,Alipurduar,Kumargram,Kumargram,Kumargram,26.61593,89.82878,Dug Well,2.91,16,05-12-2024 20:05
dwlr_wb_019,West Bengal,Alipurduar,Kumargram,Madhya Kamekshaguri,Madhya Kamekshaguri,26.45147,89.71938,Dug Well,3.07,46,05-12-2024 20:05
dwlr_wb_020,West Bengal,Alipurduar,Kumargram,Telipara,Telipara,26.47607,89.76711,Dug Well,2.42,51,05-12-2024 20:05
dwlr_wb_021,West Bengal,Alipurduar,Madarihat,Madarihat,Madarihat,26.69452,89.26176,Dug Well,2.51,52,05-12-2024 20:05
dwlr_wb_022,West Bengal,Alipurduar,Madarihat,Madhya Ragali Bajna,Madhya Ragali Bajna,26.684,89.216,Dug Well,2.73,46,05-12-2024 20:05
dwlr_wb_023,West Bengal,Alipurduar,Madarihat,Uttar Shishubari,UTTAR SHISHUBARI,26.68852,89.17064,Dug Well,2.03,46,05-12-2024 20:05
dwlr_wb_024,West Bengal,Bankura,Bankura I,Benajira,Benajira,23.1767,87.0678,Dug Well,2.98,11,05-12-2024 20:05
dwlr_wb_025,West Bengal,Bankura,Bankura I,Bhagabanpur,Bhagabanpur,23.1994,87.0003,Dug Well,6.13,68,05-12-2024 20:05
dwlr_wb_026,West Bengal,Bankura,Bankura I,Kenjakura,Kenjakura,23.2692,86.9254,Dug Well,3.3,69,05-12-2024 20:05
dwlr_wb_027,West Bengal,Bankura,Bankura I,Lokepur,Lokepur,23.2301,87.05,Dug Well,4.22,68,05-12-2024 20:05
dwlr_wb_028,West Bengal,Bankura,Bankura Ii,Bankura,Bankura,23.2286,87.0654,Dug Well,4.61,58,05-12-2024 20:05
dwlr_wb_029,West Bengal,Bankura,Bankura Ii,Belboni,Belboni,23.28944,87.16745,Dug Well,8.98,74,05-12-2024 20:05
dwlr_wb_030,West Bengal,Bankura,Bankura Ii,Beliatore,Beliatore,23.318,87.2202,Dug Well,5.34,70,05-12-2024 20:05
dwlr_wb_031,West Bengal,Bankura,Bankura Ii,Bikna,Bikna,23.2538,87.0903,Dug Well,5.87,61,05-12-2024 20:05
dwlr_wb_032,West Bengal,Bankura,Bankura Ii,Kadahghati,Kadahghati,23.2624,87.1017,Dug Well,2.22,40,05-12-2024 20:05
dwlr_wb_033,West Bengal,Bankura,Bankura Ii,Makurgram,Makurgram,23.2726,87.1414,Dug Well,4.15,63,05-12-2024 20:05
dwlr_wb_034,West Bengal,Bankura,Bankura Ii,Shalbani,Shalbani,23.25607,87.0185,Dug Well,2.4,18,05-12-2024 20:05
dwlr_wb_035,West Bengal,Bankura,Barjora,Barjora,Barjora,23.425,87.284,Dug Well,1.72,33,05-12-2024 20:05
dwlr_wb_036,West Bengal,Bankura,Barjora,Chunpara,Chunpara,23.452,87.2948,Dug Well,5.23,17,05-12-2024 20:05
dwlr_wb_037,West Bengal,Bankura,Barjora,Hatasuria,Hatasuria,23.3958,87.3013,Dug Well,1.39,34,05-12-2024 20:05
dwlr_wb_038,West Bengal,Bankura,Barjora,Sahabdi,Sahabdi,23.4013,87.2841,Dug Well,4.5,56,05-12-2024 20:05
dwlr_wb_039,West Bengal,Bankura,Barjora,Tarasingh Bridge,Tarasingh Bridge,23.443,87.2916,Dug Well,6.01,99,05-12-2024 20:05
dwlr_wb_040,West Bengal,Bankura,Bishnupur,Basudevpurcamp(No.1),Basudevpurcamp(No.1),23.0208,87.3347,Dug Well,4.27,87,05-12-2024 20:05
dwlr_wb_041,West Bengal,Bankura,Bishnupur,Belsula,Belsula,23.0283,87.4039,Dug Well,1.9,89,05-12-2024 20:05
dwlr_wb_042,West Bengal,Bankura,Bishnupur,Bishnupur,Bishnupur,23.0733,87.327,Dug Well,5.6,54,05-12-2024 20:05
dwlr_wb_043,West Bengal,Bankura,Bishnupur,Bishnupur,Bishnupur,23.0656,87.3152,Dug Well,8.01,30,05-12-2024 20:05
dwlr_wb_044,West Bengal,Bankura,Bishnupur,Bishnupur Kalindi Bandh,Bishnupur Kalindi Bandh,23.0807,87.308,Dug Well,3.03,38,05-12-2024 20:05
dwlr_wb_045,West Bengal,Bankura,Bishnupur,Hereparlat Forest Beat Office,Hereparlat Forest Beat Office,23.073,87.3497,Dug Well,5.6,21,05-12-2024 20:05
dwlr_wb_046,West Bengal,Bankura,Bishnupur,Jayrampur,Jayrampur,23.1796,87.3396,Dug Well,2.78,15,05-12-2024 20:05
dwlr_wb_047,West Bengal,Bankura,Bishnupur,Kharkasuli,Kharkasuli,23.03465,87.31852,Dug Well,2.53,39,05-12-2024 20:05
dwlr_wb_048,West Bengal,Bankura,Bishnupur,Radhanagar,Radhanagar,23.4,86.974,Dug Well,1.37,38,05-12-2024 20:05
dwlr_wb_049,West Bengal,Bankura,Bishnupur,Radheshyam Temple,Radheshyam Temple,23.23169,87.0725,Dug Well,10,51,05-12-2024 20:05
dwlr_wb_050,West Bengal,Bankura,Bishnupur,Siromonipur,Siromonipur,23.0532,87.3471,Dug Well,6.96,45,05-12-2024 20:05
dwlr_wb_051,West Bengal,Bankura,Bishnupur,Simulgora,Simulgora,23.1138,87.374,Dug Well,2.44,21,05-12-2024 20:05
dwlr_wb_052,West Bengal,Bankura,Bishnupur,Sitapara,Sitapara,23.0848,87.3325,Dug Well,2.94,15,05-12-2024 20:05
dwlr_wb_053,West Bengal,Bankura,Bishnupur,Surul,Surul,23.08,87.322,Dug Well,5.56,33,05-12-2024 20:05
dwlr_wb_054,West Bengal,Bankura,Bishnupur,Surul,Surul,23.1183,87.3547,Dug Well,6.92,69,05-12-2024 20:05
dwlr_wb_055,West Bengal,Bankura,Raipur I,Raipur,Raipur,22.8089,86.9322,Dug Well,5.66,73,05-12-2024 20:05
dwlr_wb_056,West Bengal,Bankura,Raipur Ii,Sarenga,Sarenga,22.769,87.024,Dug Well,4.78,81,05-12-2024 20:05
dwlr_wb_057,West Bengal,Bankura,Raipur Ii,Sukhadali,Sukhadali,22.7698,87.0243,Dug Well,5.48,47,05-12-2024 20:05
dwlr_wb_058,West Bengal,Bankura,Ranibandh,Akhuta More,Akhuta More,22.9195,86.8208,Dug Well,1.15,82,05-12-2024 20:05
dwlr_wb_059,West Bengal,Bankura,Ranibandh,Jhilimili,Jhilimili,22.817,86.638,Dug Well,7.47,96,05-12-2024 20:05
dwlr_wb_060,West Bengal,Bankura,Ranibandh,Khejuria,Khejuria,22.8536,86.6762,Dug Well,5.65,27,05-12-2024 20:05
dwlr_wb_061,West Bengal,Bankura,Ranibandh,Ledhapakor,Ledhapakor,22.8481,86.7401,Dug Well,4.97,55,05-12-2024 20:05
dwlr_wb_062,West Bengal,Bankura,Ranibandh,Majherigora,Majherigora,22.953,86.844,Dug Well,2.02,19,05-12-2024 20:05
dwlr_wb_063,West Bengal,Bankura,Ranibandh,Ranibandh,Ranibandh,22.8662,86.7852,Dug Well,9.37,56,05-12-2024 20:05
dwlr_wb_064,West Bengal,Bankura,Saltora,Kashtora,Kashtora,23.5627,87.0228,Dug Well,4.28,22,05-12-2024 20:05
dwlr_wb_065,West Bengal,Bankura,Saltora,Lakhanpur,Lakhanpur,23.4424,87.0083,Dug Well,2.7,88,05-12-2024 20:05
dwlr_wb_066,West Bengal,Bankura,Saltora,Ledhapalash,Ledhapalash,23.5075,86.948,Dug Well,3.15,55,05-12-2024 20:05
dwlr_wb_067,West Bengal,Bankura,Saltora,Murulu,Murulu,23.519,86.9016,Dug Well,7.69,72,05-12-2024 20:05
dwlr_wb_068,West Bengal,Bankura,Saltora,Saltora,Saltora,23.5237,86.9388,Dug Well,0.7,49,05-12-2024 20:05
dwlr_wb_069,West Bengal,Bankura,Saltora,Shyampur,Shyampur,23.5022,86.9705,Dug Well,2.59,45,05-12-2024 20:05
dwlr_wb_070,West Bengal,Bankura,Saltora,Tentultikri,Tentultikri,23.5534,87.0032,Dug Well,3.03,88,05-12-2024 20:05
dwlr_wb_071,West Bengal,Bankura,Simlapal,Dakshin Sole,Dakshin sole,23.0046,87.1334,Dug Well,7.28,91,05-12-2024 20:05
dwlr_wb_072,West Bengal,Bankura,Simlapal,Simlapal,Simlapal,22.926,87.0757,Dug Well,8.44,14,05-12-2024 20:05
dwlr_wb_073,West Bengal,Bankura,Simlipal,Karakanali,Karakanali,22.984,87.086,Dug Well,2.67,78,05-12-2024 20:05
dwlr_wb_074,West Bengal,Bankura,Sonamukhi,Gangani Danga,Gangani Danga,23.2964,87.4254,Dug Well,5.36,60,05-12-2024 20:05
dwlr_wb_075,West Bengal,Bankura,Sonamukhi,Krishna Bati,Krishna Bati,23.2251,87.3642,Dug Well,2.09,64,05-12-2024 20:05
dwlr_wb_076,West Bengal,Bankura,Sonamukhi,Nafardanga,Nafardanga,23.318,87.419,Dug Well,3.16,43,05-12-2024 20:05
dwlr_wb_077,West Bengal,Bankura,Sonamukhi,Parasia,Parasia,23.252,87.482,Dug Well,1.36,71,05-12-2024 20:05
dwlr_wb_078,West Bengal,Bankura,Sonamukhi,Pokhana,Pokhana,23.4082,87.3775,Dug Well,6.02,18,05-12-2024 20:05
dwlr_wb_079,West Bengal,Bankura,Sonamukhi,Rampur,Rampur,23.3227,87.3692,Dug Well,3.63,68,05-12-2024 20:05
dwlr_wb_080,West Bengal,Bankura,Sonamukhi,Rautara,Rautara,23.310833,87.4330521,Dug Well,6.7,61,05-12-2024 20:05
dwlr_wb_081,West Bengal,Bankura,Sonamukhi,Sonamukhi Dug Well,Sonamukhi Dug well,23.3018,87.4111,Dug Well,9.05,19,05-12-2024 20:05
dwlr_wb_082,West Bengal,Bankura,Taldanga,Hazrasol,Hazrasol,23.0145,87.2682,Dug Well,3.63,82,05-12-2024 20:05
dwlr_wb_083,West Bengal,Bankura,Taldanga,Moyra,Moyra,23.0201,87.2352,Dug Well,4.34,52,05-12-2024 20:05
dwlr_wb_084,West Bengal,Bankura,Taldanga,Tantirbandh,Tantirbandh,23.0175,87.2237,Dug Well,2.6,87,05-12-2024 20:05
dwlr_wb_085,West Bengal,Bankura,Taldanga,Tuldaria,Tuldaria,23.0553,87.1278,Dug Well,3.42,20,05-12-2024 20:05
dwlr_wb_086,West Bengal,Bankura,Taldangra,Dhobajore,Dhobajore,22.97154,87.14435,Dug Well,2.55,32,05-12-2024 20:05
dwlr_wb_087,West Bengal,Bankura,Taldangra,Kashiboni,Kashiboni,23.0227,87.1195,Dug Well,1.04,71,05-12-2024 20:05
dwlr_wb_088,West Bengal,Bankura,Taldangra,Taldangra,Taldangra,23.0201,87.0995,Dug Well,4.14,56,05-12-2024 20:05
dwlr_wb_089,West Bengal,Birbhum,Bolpur,Bahari (Bahiri),Bahari (Bahiri),23.64779,87.76637,Dug Well,1.29,48,05-12-2024 20:05
dwlr_wb_090,West Bengal,Birbhum,Bolpur,Baidyanathpur,Baidyanathpur,23.68268,87.75526,Dug Well,6.78,79,05-12-2024 20:05
dwlr_wb_091,West Bengal,Birbhum,Bolpur,Ballavpur,Ballavpur,23.6862,87.64825,Dug Well,5.96,76,05-12-2024 20:05
dwlr_wb_092,West Bengal,Birbhum,Bolpur,Ballavpur 1,Ballavpur 1,23.68521,87.65137,Dug Well,5.2,52,05-12-2024 20:05
dwlr_wb_093,West Bengal,Birbhum,Bolpur,Bolpur,Bolpur,23.6681,87.69101,Dug Well,15.85,65,05-12-2024 20:05
dwlr_wb_094,West Bengal,Birbhum,Bolpur,Phuldanga,Phuldanga,23.69205,87.68062,Dug Well,3.14,65,05-12-2024 20:05
dwlr_wb_095,West Bengal,Birbhum,Bolpur,Ruppur,Ruppur,23.6636111,87.6058333,Dug Well,6.59,77,05-12-2024 20:05
dwlr_wb_096,West Bengal,Birbhum,Bolpur,Shyambati,Shyambati,23.69125,87.68416,Dug Well,6.68,24,05-12-2024 20:05
dwlr_wb_097,West Bengal,Birbhum,Bolpur,Sriniketan Bimuria,Bimuria,23.66778,87.63725,Dug Well,5.92,19,05-12-2024 20:05
dwlr_wb_098,West Bengal,Birbhum,Bolpur,Sriniketan,Bolpur,23.66378,87.69107,Dug Well,15.85,85,05-12-2024 20:05
dwlr_wb_099,West Bengal,Birbhum,Bolpur,Sriniketan,Bondanga (Prantik),23.69661,87.69723,Dug Well,3.14,66,05-12-2024 20:05
dwlr_wb_100,West Bengal,Birbhum,Bolpur,Sriniketan,Jamboni,23.66566,87.67431,Dug Well,6.59,79,05-12-2024 20:05
dwlr_wb_101,West Bengal,Birbhum,Bolpur,Sriniketan,Muluk,23.65352,87.7215,Dug Well,6.68,93,05-12-2024 20:05
dwlr_wb_102,West Bengal,Birbhum,Bolpur,Sriniketan,Muluk (Gayashpur),23.65599,87.71158,Dug Well,5.92,53,05-12-2024 20:05
dwlr_wb_103,West Bengal,Birbhum,Bolpur,Sriniketan,Santiniketan(Sevapalli),23.68195,87.6875,Dug Well,15.85,60,05-12-2024 20:05
dwlr_wb_104,West Bengal,Birbhum,Dubrajpur,Bakreshwar,Bakreshwar,23.88164,87.37477,Dug Well,2.49,23,05-12-2024 20:05
dwlr_wb_105,West Bengal,Birbhum,Dubrajpur,Batikar,Batikar,23.7627773,87.5222244,Dug Well,7.69,12,05-12-2024 20:05
dwlr_wb_106,West Bengal,Birbhum,Dubrajpur,Gokrul,Gokrul,23.78538,87.35695,Dug Well,2.66,65,05-12-2024 20:05
dwlr_wb_107,West Bengal,Birbhum,Dubrajpur,Hetempur,Hetempur,23.78363,87.38667,Dug Well,7.56,63,05-12-2024 20:05
dwlr_wb_108,West Bengal,Birbhum,Dubrajpur,Sahapur,Sahapur,23.79243,87.49648,Dug Well,7.26,31,05-12-2024 20:05
dwlr_wb_109,West Bengal,Birbhum,Dubrajpur,Tapsi,Tapsi,23.7638,87.49517,Dug Well,2.84,28,05-12-2024 20:05
dwlr_wb_110,West Bengal,Birbhum,Dubrajpur,Turka,Turka,23.79804,87.47124,Dug Well,7.58,84,05-12-2024 20:05
dwlr_wb_111,West Bengal,Birbhum,Dubrajpur,Vill Boral,Angora,23.76933,87.47,Dug Well,4.29,99,05-12-2024 20:05
dwlr_wb_112,West Bengal,Birbhum,Dubrajpur,Chandpur,Chandpur,23.7478,87.4119,Dug Well,5.94,47,05-12-2024 20:05
dwlr_wb_113,West Bengal,Birbhum,Dubrajpur,Deshbandhu,Deshbandhu,23.75867,87.39868,Dug Well,2.6,65,05-12-2024 20:05
dwlr_wb_114,West Bengal,Birbhum,Nalhati,Amlai,Amlai,24.3016663,87.8030548,Dug Well,17.18,53,05-12-2024 20:05
dwlr_wb_115,West Bengal,Birbhum,Nalhati,Bhabanandapur,Bhabanandapur,24.28997,87.75422,Dug Well,1.29,52,05-12-2024 20:05
dwlr_wb_116,West Bengal,Birbhum,Nalhati,Nalhati,Nalhati,24.29777,87.82915,Dug Well,6.84,17,05-12-2024 20:05
dwlr_wb_117,West Bengal,Birbhum,Nalhati,Nasipur,Nasipur,24.29324,87.76056,Dug Well,0.88,98,05-12-2024 20:05
dwlr_wb_118,West Bengal,Birbhum,Rajnagar,Chandrapur,Chandrapur,23.91739,87.39336,Dug Well,6.4,64,05-12-2024 20:05
dwlr_wb_119,West Bengal,Birbhum,Rajnagar,Nakash (Rajnagar),Nakash (Rajnagar),23.94509,87.314,Dug Well,5.56,69,05-12-2024 20:05
dwlr_wb_120,West Bengal,Birbhum,Rajnagar,Patharchapri,Patharchapri,23.92057,87.43991,Dug Well,3.8,31,05-12-2024 20:05
dwlr_wb_121,West Bengal,Birbhum,Rampurhat,Piarsala,Piarsala,24.19887,87.70068,Dug Well,4.2,13,05-12-2024 20:05
dwlr_wb_122,West Bengal,Birbhum,Rampurhat,Rampurhat,Rampurhat,24.1769447,87.7844467,Dug Well,0.8,58,05-12-2024 20:05
dwlr_wb_123,West Bengal,Birbhum,Rampurhat,Tumboni,Tumboni,24.19982,87.69407,Dug Well,8.48,58,05-12-2024 20:05
dwlr_wb_124,West Bengal,Birbhum,Rampurhat I,Barjal,Barjal,24.15299,87.70671,Dug Well,3.09,92,05-12-2024 20:05
dwlr_wb_125,West Bengal,Birbhum,Rampurhat I,Barjalbelpahari,Barjalbelpahari,24.15389,87.70263,Dug Well,2.12,66,05-12-2024 20:05
dwlr_wb_126,West Bengal,Birbhum,Rampurhat I,Barjalbelpahari,Barjalbelpahari,24.1549,87.70166,Dug Well,5.5,29,05-12-2024 20:05
dwlr_wb_127,West Bengal,Birbhum,Rampurhat I,Bartala,Bartala,24.12028,87.67356,Dug Well,4.57,35,05-12-2024 20:05
dwlr_wb_128,West Bengal,Birbhum,Rampurhat I,Kasthogora,Kasthogora,24.12421,87.69294,Dug Well,6.2,25,05-12-2024 20:05
dwlr_wb_129,West Bengal,Birbhum,Rampurhat I,Kurukdighi,Kurukdighi,24.24264,87.72796,Dug Well,6.07,63,05-12-2024 20:05
dwlr_wb_130,West Bengal,Birbhum,Rampurhat I,Narayanpur,Narayanpur,24.24115,87.68046,Dug Well,15.56,66,05-12-2024 20:05
dwlr_wb_131,West Bengal,Birbhum,Sainthia,Kopai,Kopai,23.75662,87.69008,Dug Well,9.98,53,05-12-2024 20:05
dwlr_wb_132,West Bengal,Birbhum,Sainthia,Sainthia,Sainthia,23.94616,87.67071,Dug Well,11.84,13,05-12-2024 20:05
dwlr_wb_133,West Bengal,Birbhum,Siuri I,Siuri,Siuri,23.91855,87.52001,Dug Well,3.56,43,05-12-2024 20:05
dwlr_wb_134,West Bengal,Birbhum,Sriniketan,Prantik,Prantik,23.69341,87.69848,Dug Well,8.81,61,05-12-2024 20:05
dwlr_wb_135,West Bengal,Birbhum,Sriniketan,Supur,Supur,23.6316,87.68455,Dug Well,3.06,18,05-12-2024 20:05
dwlr_wb_136,West Bengal,Birbhum,Sriniketan,Surul,Surul,23.66798,87.66502,Dug Well,1.52,88,05-12-2024 20:05
dwlr_wb_137,West Bengal,Birbhum,Suri Ii,Panuria,Panuria,23.85444,87.50124,Dug Well,4.85,53,05-12-2024 20:05
dwlr_wb_138,West Bengal,Birbhum,Suri I,Garuijora,Garuijora,23.88217,87.53037,Dug Well,3.47,52,05-12-2024 20:05
dwlr_wb_139,West Bengal,Birbhum,Suri I,Kariddha (Chora),Kariddha (Chora),23.91272,87.4935,Dug Well,5.67,34,05-12-2024 20:05
dwlr_wb_140,West Bengal,Birbhum,Suri I,Singur,Singur,23.87539,87.51881,Dug Well,2.7,24,05-12-2024 20:05
dwlr_wb_141,West Bengal,Birbhum,Suri I,Suri (Phed),Suri (PHED),23.92099,87.51892,Dug Well,2.33,85,05-12-2024 20:05
dwlr_wb_142,West Bengal,Birbhum,Suri Ii,Bhurkona,Bhurkona,23.834,87.49179,Dug Well,2.54,56,05-12-2024 20:05
dwlr_wb_143,West Bengal,Birbhum,Suri Ii,Bonsanka,Bonsanka,23.80018,87.52833,Dug Well,1.77,36,05-12-2024 20:05
dwlr_wb_144,West Bengal,Birbhum,Suri Ii,Eakdala,Eakdala,23.88355,87.54808,Dug Well,10.5,55,05-12-2024 20:05
dwlr_wb_145,West Bengal,Birbhum,Suri Ii,Hatjanbazar,Hatjanbazar,23.88424,87.53155,Dug Well,6.8,37,05-12-2024 20:05
dwlr_wb_146,West Bengal,Birbhum,Suri Ii,Hatjanbazar,Hatjanbazar,23.88548,87.53251,Dug Well,7.67,27,05-12-2024 20:05
dwlr_wb_147,West Bengal,Birbhum,Suri Ii,Pathar Chapri,Pathar Chapri,23.92479,87.43786,Dug Well,4.72,27,05-12-2024 20:05
dwlr_wb_148,West Bengal,Cooch Bihar,Sitai,Adabari Silduar,Adabari Silduar,26.1084,89.3411,Dug Well,3.26,32,05-12-2024 20:05
dwlr_wb_149,West Bengal,Dakshin Dinajpur,Balurghat,Balurghat,Balurghat,25.2361,88.785702,Dug Well,6.35,25,05-12-2024 20:05
dwlr_wb_150,West Bengal,Dakshin Dinajpur,Bansihari,Patharghata (Panjuri Para),Patharghata (Panjuri Para),25.3594,88.3569,Dug Well,7.07,94,05-12-2024 20:05
dwlr_wb_151,West Bengal,Dakshin Dinajpur,Gangarampur,Shib Bari,Shib Bari,25.4178,88.5387,Dug Well,3.05,52,05-12-2024 20:05
dwlr_wb_152,West Bengal,Dakshin Dinajpur,Harirampur,Kismat Kasba,Kismat Kasba,25.3119,88.3144,Dug Well,3.15,15,05-12-2024 20:05
dwlr_wb_153,West Bengal,Dakshin Dinajpur,Hili,Hili,Hili,25.2788,88.9968,Dug Well,2.83,22,05-12-2024 20:05
dwlr_wb_154,West Bengal,Dakshin Dinajpur,Hili,Hili,Hili,25.2755,88.9871,Dug Well,2.89,22,05-12-2024 20:05
dwlr_wb_155,West Bengal,Dakshin Dinajpur,Kumarganj,Sundarpur,Sundarpur,25.4739,88.7646,Dug Well,5.29,12,05-12-2024 20:05
dwlr_wb_156,West Bengal,Dakshin Dinajpur,Tapan,Balapur 1,Balapur 1,25.2274,88.6434,Dug Well,13.71,87,05-12-2024 20:05
dwlr_wb_157,West Bengal,Dakshin Dinajpur,Tapan,Balapur 2,Balapur 2,25.2265,88.6456,Dug Well,2.48,76,05-12-2024 20:05
dwlr_wb_158,West Bengal,Dakshin Dinajpur,Tapan,Dakshin Harsura 1,Dakshin Harsura 1,25.2184,88.6028,Dug Well,13.98,27,05-12-2024 20:05
dwlr_wb_159,West Bengal,Dakshin Dinajpur,Tapan,Jithihar(Near Laskarhat),Jithihar(Near Laskarhat),25.2206,88.5848,Dug Well,6.11,19,05-12-2024 20:05
dwlr_wb_160,West Bengal,Dakshin Dinajpur,Tapan,Madnahar,Madnahar,25.2465,88.5837,Dug Well,6.56,100,05-12-2024 20:05
dwlr_wb_161,West Bengal,Dakshin Dinajpur,Tapan,Rampur,Rampur,25.3463,88.6328,Dug Well,2.02,28,05-12-2024 20:05
dwlr_wb_162,West Bengal,Darjeeling,Kharibari,Batasi,Batasi,26.60235,88.1795,Dug Well,5.4,86,05-12-2024 20:05
dwlr_wb_163,West Bengal,Darjeeling,Kharibari,Chakkar Mari,Chakkar Mari,26.52382,88.14377,Dug Well,1.87,44,05-12-2024 20:05
dwlr_wb_164,West Bengal,Darjeeling,Kharibari,Demra Vita,Demra Vita,26.57512,88.17504,Dug Well,2.33,95,05-12-2024 20:05
dwlr_wb_165,West Bengal,Darjeeling,Kharibari,Dulaljote,Dulaljote,26.6282,88.17156,Dug Well,5.94,82,05-12-2024 20:05
dwlr_wb_166,West Bengal,Darjeeling,Kharibari,Galgalia,Galgalia,26.52656,88.15141,Dug Well,1.77,56,05-12-2024 20:05
dwlr_wb_167,West Bengal,Darjeeling,Kharibari,Kamabari,Kamabari,26.5258,88.12843,Dug Well,7.17,93,05-12-2024 20:05
dwlr_wb_168,West Bengal,Darjeeling,Kharibari,Madhapur,Madhapur,26.56141,88.17015,Dug Well,6.33,40,05-12-2024 20:05
dwlr_wb_169,West Bengal,Darjeeling,Kharibari,Pachadhura,Pachadhura,26.54805,88.18147,Dug Well,3.38,57,05-12-2024 20:05
dwlr_wb_170,West Bengal,Darjeeling,Kharibari,Sevok,Sevok,26.61655,88.13331,Dug Well,7.94,53,05-12-2024 20:05
dwlr_wb_171,West Bengal,Darjeeling,Kharibari,Taplejung,Taplejung,26.53805,88.17357,Dug Well,6.48,21,05-12-2024 20:05
dwlr_wb_172,West Bengal,Hugli,Balagarh,Saranda,Saranda,23.10528,88.41139,Dug Well,1.35,90,05-12-2024 20:05
dwlr_wb_173,West Bengal,Hugli,Balagarh,Tentulia,Tentulia,23.12528,88.45861,Dug Well,2.77,88,05-12-2024 20:05
dwlr_wb_174,West Bengal,Hugli,Chinsura,Mogra,Mogra,22.897,88.376,Dug Well,1.79,53,05-12-2024 20:05
dwlr_wb_175,West Bengal,Hugli,Chuchura,Bandel,Bandel,22.91972,88.395,Dug Well,3.85,81,05-12-2024 20:05
dwlr_wb_176,West Bengal,Hugli,Haripal,Nalikul,Nalikul,22.817,88.11,Dug Well,2.66,16,05-12-2024 20:05
dwlr_wb_177,West Bengal,Hugli,Jirat,Jirat,Jirat,22.843,87.979,Dug Well,1.17,33,05-12-2024 20:05
dwlr_wb_178,West Bengal,Hugli,Magra,Jhapa,Jhapa,22.95413,88.36456,Dug Well,4.07,97,05-12-2024 20:05
dwlr_wb_179,West Bengal,Hugli,Pandua,Deypara,Deypara,23.10889,88.49556,Dug Well,1.68,75,05-12-2024 20:05
dwlr_wb_180,West Bengal,Hugli,Pandua,Deyparamandloi,Deyparamandloi,23.10229,88.33006,Dug Well,1.61,12,05-12-2024 20:05
dwlr_wb_181,West Bengal,Hugli,Pandua,Pandua,Pandua,23.081,88.283,Dug Well,3.51,18,05-12-2024 20:05
dwlr_wb_182,West Bengal,Hugli,Polba,Polba,Polba,22.95833,88.30694,Dug Well,1.85,20,05-12-2024 20:05
dwlr_wb_183,West Bengal,Hugli,Polba,Dodpur,Barbigha,23.00639,88.27778,Dug Well,3.34,31,05-12-2024 20:05
dwlr_wb_184,West Bengal,Hugli,Polba,Dodpur,Rajhat,22.937,88.354,Dug Well,2.52,94,05-12-2024 20:05
dwlr_wb_185,West Bengal,Hugli,Sherpur,Jirat,Jirat,23.02111,88.415,Dug Well,4.66,22,05-12-2024 20:05
dwlr_wb_186,West Bengal,Hugli,Srirampur,Bhadreswar,Bhadreswar,22.83389,88.35944,Dug Well,3.1,42,05-12-2024 20:05
dwlr_wb_187,West Bengal,Hugli,Srirampur,Uttarpara,Uttarpara,22.667,88.347,Dug Well,0.33,37,05-12-2024 20:05
dwlr_wb_188,West Bengal,Hugli,Tarakeswar,Tarakeswar,Tarakeswar,22.88,88.025,Dug Well,2.48,65,05-12-2024 20:05
dwlr_wb_189,West Bengal,Jalpaiguri,Dhupguri,Gayerkata,Gayerkata,26.70287,89.02457,Dug Well,3.35,54,05-12-2024 20:05
dwlr_wb_190,West Bengal,Jalpaiguri,Dhupguri,Gilandi Club Para,Gilandi Club Para,26.6143,89.00919,Dug Well,2.92,18,05-12-2024 20:05
dwlr_wb_191,West Bengal,Jalpaiguri,Dhupguri,Karbola,Karbola,26.7867,89.06446,Dug Well,4.16,29,05-12-2024 20:05
dwlr_wb_192,West Bengal,Jalpaiguri,Dhupguri,Khali Gram,Khali Gram,26.62397,88.45116,Dug Well,3.25,41,05-12-2024 20:05
dwlr_wb_193,West Bengal,Jalpaiguri,Dhupguri,Millpara,Millpara,26.59309,89.00749,Dug Well,2.84,52,05-12-2024 20:05
dwlr_wb_194,West Bengal,Jalpaiguri,Dhupguri,New Salbarihat,New Salbarihat,26.5442,89.1055,Dug Well,0.99,27,05-12-2024 20:05
dwlr_wb_195,West Bengal,Jalpaiguri,Dhupguri,Salbari,Salbari,26.55277,89.0742,Dug Well,3.34,24,05-12-2024 20:05
dwlr_wb_196,West Bengal,Jalpaiguri,Jalpaiguri,Berubari,Berubari,26.41,88.70041,Dug Well,2.52,52,05-12-2024 20:05
dwlr_wb_197,West Bengal,Jalpaiguri,Jalpaiguri,Dus Doroga,Dus Doroga,26.5472,88.60864,Dug Well,2.26,50,05-12-2024 20:05
dwlr_wb_198,West Bengal,Jalpaiguri,Jalpaiguri,Ghugudanga,Ghugudanga,26.39971,88.7431,Dug Well,1.89,39,05-12-2024 20:05
dwlr_wb_199,West Bengal,Jalpaiguri,Jalpaiguri,Jalpaiguri,Jalpaiguri,26.52195,88.7265,Dug Well,1.28,26,05-12-2024 20:05
dwlr_wb_200,West Bengal,Jalpaiguri,Jalpaiguri,Jhabari More,Jhabari More,26.55043,88.80715,Dug Well,3.62,41,05-12-2024 20:05
dwlr_wb_201,West Bengal,Jalpaiguri,Jalpaiguri,Konpakuri,Konpakuri,26.44257,88.69982,Dug Well,6.48,38,05-12-2024 20:05
dwlr_wb_202,West Bengal,Jalpaiguri,Jalpaiguri,Panda Para Kalibari (Kharia),Panda Para Kalibari (Kharia),26.50649,88.7154,Dug Well,2.78,42,05-12-2024 20:05
dwlr_wb_203,West Bengal,Jalpaiguri,Jalpaiguri,Purba Kumar Para,Purba Kumar Para,26.52021,88.68577,Dug Well,2.07,93,05-12-2024 20:05
dwlr_wb_204,West Bengal,Jalpaiguri,Jalpaiguri,Raninagar,Raninagar,26.53758,88.64378,Dug Well,2.55,100,05-12-2024 20:05
dwlr_wb_205,West Bengal,Jalpaiguri,Jalpaiguri,Sadar,Radhanagar,26.4997215,89.8113861,Dug Well,3.62,68,05-12-2024 20:05
dwlr_wb_206,West Bengal,Jalpaiguri,Mal,Baradighi,Baradighi,26.7965,88.74237,Dug Well,4.32,11,05-12-2024 20:05
dwlr_wb_207,West Bengal,Jalpaiguri,Mal,Chakmaulani,Chakmaulani,26.67195,88.76222,Dug Well,2.54,37,05-12-2024 20:05
dwlr_wb_208,West Bengal,Jalpaiguri,Mal,Odlabari,Odlabari,26.86462,88.62566,Dug Well,4.53,96,05-12-2024 20:05
dwlr_wb_209,West Bengal,Jalpaiguri,Mal,Rangamati Overbridge,Rangamati Overbridge,26.86898,88.71138,Dug Well,3.16,72,05-12-2024 20:05
dwlr_wb_210,West Bengal,Jalpaiguri,Malbazar,Damdim,Damdim,26.86986,88.67143,Dug Well,0.93,82,05-12-2024 20:05
dwlr_wb_211,West Bengal,Jalpaiguri,Malbazar,Purba Tesimala,Purba Tesimala,26.84171,88.74327,Dug Well,1.33,40,05-12-2024 20:05
dwlr_wb_212,West Bengal,Jalpaiguri,Mangalghat,Rakhal Devi,Rakhal Devi,26.49002,88.71238,Dug Well,3.39,72,05-12-2024 20:05
dwlr_wb_213,West Bengal,Jalpaiguri,Matiali,Chalsa,Chalsa,26.8806,88.80347,Dug Well,1.41,59,05-12-2024 20:05
dwlr_wb_214,West Bengal,Jalpaiguri,Matiali,Lataguri,Lataguri,26.69978,88.76386,Dug Well,2.96,88,05-12-2024 20:05
dwlr_wb_215,West Bengal,Jalpaiguri,Matiali,Mahabari,Mahabari,26.8813,88.81444,Dug Well,3.53,83,05-12-2024 20:05
dwlr_wb_216,West Bengal,Jalpaiguri,Maynaguri,Boulbari,Boulbari,26.62806,88.77556,Dug Well,3.18,49,05-12-2024 20:05
dwlr_wb_217,West Bengal,Jalpaiguri,Maynaguri,Madhaboanga,Madhaboanga,26.62809,88.77546,Dug Well,1.81,64,05-12-2024 20:05
dwlr_wb_218,West Bengal,Jalpaiguri,Maynaguri,Madhav Danga,Madhav Danga,26.54704,88.82633,Dug Well,2.89,73,05-12-2024 20:05
dwlr_wb_219,West Bengal,Jalpaiguri,Maynaguri,Maynaguri,Maynaguri,26.56467,88.81938,Dug Well,1.23,74,05-12-2024 20:05
dwlr_wb_220,West Bengal,Jalpaiguri,Maynaguri,Votpatty (Barua Para),VotPatty (Barua Para),26.48571,88.85269,Dug Well,2.92,67,05-12-2024 20:05
dwlr_wb_221,West Bengal,Jalpaiguri,Moynaguri,Bolbari (Lakhir Hat),Bolbari (Lakhir Hat),26.61822,88.78047,Dug Well,3.09,89,05-12-2024 20:05
dwlr_wb_222,West Bengal,Jalpaiguri,Moynaguri,Brahmapur Bazar,Brahmapur Bazar,26.456,88.88798,Dug Well,2.53,11,05-12-2024 20:05
dwlr_wb_223,West Bengal,Jalpaiguri,Moynaguri,Daribiza,Daribiza,26.57154,88.80886,Dug Well,3.33,25,05-12-2024 20:05
dwlr_wb_224,West Bengal,Jalpaiguri,Nagrakata,Khairbari,Khairbari,26.84381,88.61319,Dug Well,4.21,90,05-12-2024 20:05
dwlr_wb_225,West Bengal,Kochbehar,Mathabhanga I,Majherbari,Majherbari,26.43015,89.05795,Dug Well,3.79,84,05-12-2024 20:05
dwlr_wb_226,West Bengal,Kochbehar,Mathabhanga I,Mathabhanga,Mathabhanga,26.34207,89.21352,Dug Well,3.45,74,05-12-2024 20:05
dwlr_wb_227,West Bengal,Kochbehar,Mathabhanga Ii,Ghoksadanga,Ghoksadanga,26.42455,89.276,Dug Well,1.99,97,05-12-2024 20:05
dwlr_wb_228,West Bengal,Kochbehar,Mekhliganj,Changra Bandha,Changra Bandha,26.42063,88.91786,Dug Well,2.78,74,05-12-2024 20:05
dwlr_wb_229,West Bengal,Kochbehar,Mekhliganj,Mekhaliganj,Mekhaliganj,26.34616,88.90835,Dug Well,2.32,49,05-12-2024 20:05
dwlr_wb_230,West Bengal,Kochbehar,Mekhliganj,Merigipur,Merigipur,26.34528,88.9241,Dug Well,2.53,98,05-12-2024 20:05
dwlr_wb_231,West Bengal,Kochbehar,Mekhliganj,Panishla,Panishla,26.4418,88.94458,Dug Well,2.84,39,05-12-2024 20:05
dwlr_wb_232,West Bengal,Kochbehar,Mekhliganj,Vot Bari,Vot Bari,26.38137,88.9054,Dug Well,2.33,92,05-12-2024 20:05
dwlr_wb_233,West Bengal,Kochbehar,Sahebgan,Sahebganj,Sahebganj,26.11592,89.59559,Dug Well,4.16,88,05-12-2024 20:05
dwlr_wb_234,West Bengal,Kochbehar,Sitai,Sitai,Sitai,26.06323,89.29977,Dug Well,3.74,17,05-12-2024 20:05
dwlr_wb_235,West Bengal,Kochbehar,Sitalkuchi,Gosaier Hat,Gosaier Hat,26.19874,89.19082,Dug Well,0.85,85,05-12-2024 20:05
dwlr_wb_236,West Bengal,Kochbehar,Sitalkuchi,Sitalkuchi,Sitalkuchi,26.16738,89.18204,Dug Well,2.4,40,05-12-2024 20:05
dwlr_wb_237,West Bengal,Kochbehar,Tufanganj,Balarampur,Balarampur,26.24376,89.58536,Dug Well,4.71,96,05-12-2024 20:05
dwlr_wb_238,West Bengal,Kochbehar,Tufanganj,Chilakhana (Palpara),Chilakhana (Palpara),26.30692,89.58841,Dug Well,3.99,21,05-12-2024 20:05
dwlr_wb_239,West Bengal,Kochbehar,Tufanganj,Tufanganj,Tufanganj,26.32113,89.66641,Dug Well,4.41,37,05-12-2024 20:05
dwlr_wb_240,West Bengal,Kochbehar,Tufanganj Ii,Bakshirhat,Bakshirhat,26.33309,89.76628,Dug Well,3.01,47,05-12-2024 20:05
dwlr_wb_241,West Bengal,Kochbehar,Tufanganj Ii,Bochamari,Bochamari,26.40828,89.71811,Dug Well,1.63,33,05-12-2024 20:05
dwlr_wb_242,West Bengal,Kochbehar,Tufanganj Ii,Bochamari (Rasikbill),Bochamari (Rasikbill),26.41356,89.73177,Dug Well,0.92,40,05-12-2024 20:05
dwlr_wb_243,West Bengal,Malda,Bamangola,Bamangola,Bamangola,25.166,88.3418,Dug Well,5.39,80,05-12-2024 20:05
dwlr_wb_244,West Bengal,Malda,Bamangola,Makuli,Makuli,25.1154,88.3667,Dug Well,3.96,41,05-12-2024 20:05
dwlr_wb_245,West Bengal,Malda,Bamangola,Thinagar (Pakua),Thinagar (Pakua),25.13312,88.37007,Dug Well,3.31,55,05-12-2024 20:05
dwlr_wb_246,West Bengal,Malda,Bamongola,Charakdanga,Charakdanga,25.224,88.4064,Dug Well,3.91,81,05-12-2024 20:05
dwlr_wb_247,West Bengal,Malda,Bamongola,Nalagola,Nalagola,25.2601,88.422,Dug Well,2.61,53,05-12-2024 20:05
dwlr_wb_248,West Bengal,Malda,Bamongola,Paikpara,Paikpara,25.1636,88.3761,Dug Well,4.22,84,05-12-2024 20:05
dwlr_wb_249,West Bengal,Malda,English Bazar,Choto Mohanpara (1),Choto Mohanpara (1),25.0258,88.0483,Dug Well,5.28,93,05-12-2024 20:05
dwlr_wb_250,West Bengal,Malda,English Bazar,Choto Mohanpara (2),Choto Mohanpara (2),25.0255,88.0472,Dug Well,6.28,62,05-12-2024 20:05
dwlr_wb_251,West Bengal,Malda,English Bazar,Mangalbari (Behula Bridge),Mangalbari (Behula Bridge),25.0249,88.1602,Dug Well,10.55,41,05-12-2024 20:05
dwlr_wb_252,West Bengal,Malda,English Bazar,Milki (Krishnanagar),Milki (Krishnanagar),25.0346,88.0214,Dug Well,5.81,18,05-12-2024 20:05
dwlr_wb_253,West Bengal,Malda,Gazole,Agampur,Agampur,25.1841,88.2628,Dug Well,5.36,79,05-12-2024 20:05
dwlr_wb_254,West Bengal,Malda,Gazole,Deotala,Deotala,25.2841,88.2919,Dug Well,2.4,24,05-12-2024 20:05
dwlr_wb_255,West Bengal,Malda,Gazole,Gazole(Kadubari),Gazole(Kadubari),25.213,88.1832,Dug Well,4.51,91,05-12-2024 20:05
dwlr_wb_256,West Bengal,Malda,Gazole,Ghaksole,Ghaksole,25.1816,88.178,Dug Well,7.28,53,05-12-2024 20:05
dwlr_wb_257,West Bengal,Malda,Gazole,Masaldighi,Masaldighi,25.2445,88.1689,Dug Well,8.54,32,05-12-2024 20:05
dwlr_wb_258,West Bengal,Malda,Gazole,Matoil,Matoil,25.2205,88.1495,Dug Well,6.08,31,05-12-2024 20:05
dwlr_wb_259,West Bengal,Malda,Gazole,Panchamukhi,Panchamukhi,25.247,88.244,Dug Well,10.08,79,05-12-2024 20:05
dwlr_wb_260,West Bengal,Malda,Gazole,Pandua 1,Pandua 1,25.1286,88.1535,Dug Well,12.99,55,05-12-2024 20:05
dwlr_wb_261,West Bengal,Malda,Gazol,Gajol(Rangavita),Gajol(Rangavita),25.2208,88.1949,Dug Well,3.22,50,05-12-2024 20:05
dwlr_wb_262,West Bengal,Malda,Habibpur,Habibpur,Habibpur,25.023,88.2857,Dug Well,1.32,44,05-12-2024 20:05
dwlr_wb_263,West Bengal,Malda,Habibpur,Tajpur,Tajpur,25.0062,88.2657,Dug Well,5.53,14,05-12-2024 20:05
dwlr_wb_264,West Bengal,Malda,Kaliachak I,Jalalpur,Jalalpur,24.8944,88.0739,Dug Well,3.25,21,05-12-2024 20:05
dwlr_wb_265,West Bengal,Malda,Kaliachak I,Khaschandpur (Makku Sahutala),Khaschandpur (Makku Sahutala),24.8529,88.011,Dug Well,4.6,12,05-12-2024 20:05
dwlr_wb_266,West Bengal,Malda,Kaliachak Iii,Birnagar(1),Birnagar(1),24.8361,87.952,Dug Well,2.69,58,05-12-2024 20:05
dwlr_wb_267,West Bengal,Malda,Malda,Malda Town,Malda Town,25.0029,88.1355,Dug Well,4.35,78,05-12-2024 20:05
dwlr_wb_268,West Bengal,Malda,Manikchak,Begamganj (Nazirpur),Begamganj (Nazirpur),25.1339,87.9183,Dug Well,5.44,68,05-12-2024 20:05
dwlr_wb_269,West Bengal,Malda,Manikchak,Mohana (1 ),Mohana (1 ),25.087,87.9216,Dug Well,4.46,45,05-12-2024 20:05
dwlr_wb_270,West Bengal,Malda,Manikchak,Mohana (2 ),Mohana (2 ),25.0874,87.9223,Dug Well,4.67,19,05-12-2024 20:05
dwlr_wb_271,West Bengal,Malda,Old Malda,Mochia,Mochia,24.9636,88.2235,Dug Well,4.62,36,05-12-2024 20:05
dwlr_wb_272,West Bengal,Malda,Ratua I,Ratua,Ratua,25.2074,87.9341,Dug Well,5.78,36,05-12-2024 20:05
dwlr_wb_273,West Bengal,Malda,Ratua I,Ratanpur Hat (Samshi),Ratanpur Hat (Samshi),25.2874,88.0006,Dug Well,2.33,55,05-12-2024 20:05
dwlr_wb_274,West Bengal,Malda,Ratua I,Shamsi,Shamsi,25.2836113,88.0108337,Dug Well,1.46,55,05-12-2024 20:05
dwlr_wb_275,West Bengal,Murshidabad,Beldanga I,Swarupnagar,Swarupnagar,23.91928,88.27376,Dug Well,2.77,92,05-12-2024 20:05
dwlr_wb_276,West Bengal,Murshidabad,Beldangai,Begunbari,Begunbari,23.92102,88.27757,Dug Well,1.35,42,05-12-2024 20:05
dwlr_wb_277,West Bengal,Murshidabad,Beldanga I,Beldanga (Beliaghata),Beldanga (Beliaghata),23.96089,88.28796,Dug Well,2.98,13,05-12-2024 20:05
dwlr_wb_278,West Bengal,Murshidabad,Domkal,Chandpur,Chandpur,23.94019,88.19869,Dug Well,4.11,28,05-12-2024 20:05
dwlr_wb_279,West Bengal,Murshidabad,Domkal,Kulidah, Kulidah,23.92443,88.1663,Dug Well,3.99,16,05-12-2024 20:05
dwlr_wb_280,West Bengal,Murshidabad,Domkal,Kulidah, Kulidah,23.92248,88.16104,Dug Well,3.68,29,05-12-2024 20:05
dwlr_wb_281,West Bengal,Murshidabad,Karimpur I,Kusumgram,Kusumgram,23.67333,88.4202,Dug Well,4.6,12,05-12-2024 20:05
dwlr_wb_282,West Bengal,Murshidabad,Karimpur I,Madhabpur,Madhabpur,23.71322,88.45403,Dug Well,4.91,63,05-12-2024 20:05
dwlr_wb_283,West Bengal,Murshidabad,Karimpur II,Balikuri,Balikuri,23.72244,88.4592,Dug Well,5.25,76,05-12-2024 20:05
dwlr_wb_284,West Bengal,Murshidabad,Karimpur II,Karimpur (1),Karimpur (1),23.67043,88.4602,Dug Well,3.98,18,05-12-2024 20:05
dwlr_wb_285,West Bengal,Murshidabad,Krishnanagar,Amul,Srigram,25.091,88.4238,Dug Well,4.1,50,05-12-2024 20:05
dwlr_wb_286,West Bengal,Howrah,Deulia,Santrapara,Santrapara,23.4978,88.2041,Dug Well,5.15,75,05-12-2024 20:05
dwlr_wb_287,West Bengal,Howrah,Narayanpur,Narayanpur,Narayanpur,23.5532,88.2651,Dug Well,4.45,62,05-12-2024 20:05
dwlr_wb_288,West Bengal,Howrah,Shibpur,Shibpur,Shibpur,23.5485,88.2689,Dug Well,6.33,30,05-12-2024 20:05
dwlr_wb_289,West Bengal,Howrah,Shyampur,Shyampur,Shyampur,23.4277,88.2455,Dug Well,7.22,86,05-12-2024 20:05
dwlr_wb_290,West Bengal,Paschim Barddhaman,asansol,asansol B,asansol B,23.68497,86.9774,Dug Well,1.32,30,05-12-2024 20:05
dwlr_wb_291,West Bengal,Paschim Barddhaman,Barabani,Domohani Bazar,Domohani Bazar,23.75639,87.02348,Dug Well,3.95,68,05-12-2024 20:05
dwlr_wb_292,West Bengal,Paschim Barddhaman,Baraboni,Gourandih,Gourandih,23.81567,86.99416,Dug Well,1.69,91,05-12-2024 20:05
dwlr_wb_293,West Bengal,Paschim Barddhaman,Baraboni,Lalganj,Lalganj,23.76771,86.94497,Dug Well,2.84,80,05-12-2024 20:05
dwlr_wb_294,West Bengal,Paschim Barddhaman,Durgapur,Bhiringi,Bhiringi,23.55258,87.27194,Dug Well,2.16,75,05-12-2024 20:05
dwlr_wb_295,West Bengal,Paschim Barddhaman,Durgapur,Deshbandhu Nagar,DESHBANDHU Nagar,23.48391,87.33512,Dug Well,4.45,13,05-12-2024 20:05
dwlr_wb_296,West Bengal,Paschim Barddhaman,Durgapur,Durgapur Barrage,DURGAPUR Barrage,23.48183,87.30869,Dug Well,2.66,92,05-12-2024 20:05
dwlr_wb_297,West Bengal,Paschim Barddhaman,Durgapur,Gopalmath,Gopalmath,23.57337,87.23063,Dug Well,6.58,45,05-12-2024 20:05
dwlr_wb_298,West Bengal,Paschim Barddhaman,Durgapur,Piala Dug Well,Piala Dug well,23.528,87.30328,Dug Well,2.2,72,05-12-2024 20:05
dwlr_wb_299,West Bengal,Paschim Barddhaman,Durgapur,Faridpur Banagram,Banagram,23.572659,87.236581,Dug Well,1.05,86,05-12-2024 20:05
dwlr_wb_300,West Bengal,Paschim Barddhaman,Hirapur,Hirapur,Hirapur,23.66157,86.93676,Dug Well,1.26,21,05-12-2024 20:05
dwlr_wb_301,West Bengal,Paschim Barddhaman,Jamuria,Satgram,Satgram,23.65701,87.07944,Dug Well,2.84,100,05-12-2024 20:05
dwlr_wb_302,West Bengal,Paschim Barddhaman,Jamuria I,Damodarpur,Damodarpur,23.69881,87.07917,Dug Well,12.09,33,05-12-2024 20:05
dwlr_wb_303,West Bengal,Paschim Barddhaman,Jamuria I,Jammuria,Jammuria,23.70405,87.08403,Dug Well,2.76,61,05-12-2024 20:05
dwlr_wb_304,West Bengal,Paschim Barddhaman,Jamuria I,Mondalpur,Mondalpur,23.68877,87.0854,Dug Well,3.99,67,05-12-2024 20:05
dwlr_wb_305,West Bengal,Paschim Barddhaman,Jamuria Ii,Dobrana (New Kenda),DOBRANA (New kenda),23.67759,87.17407,Dug Well,3.77,45,05-12-2024 20:05
dwlr_wb_306,West Bengal,Paschim Barddhaman,Jamuria Ii,Gaighata,Gaighata,23.67962,87.20213,Dug Well,7.13,89,05-12-2024 20:05
dwlr_wb_307,West Bengal,Paschim Barddhaman,Jamuria Ii,Ikra,Ikra,23.6969,87.11218,Dug Well,1.58,96,05-12-2024 20:05
dwlr_wb_308,West Bengal,Paschim Barddhaman,Jamuria Ii,Pandabeswar,Pandabeswar,23.71186,87.27676,Dug Well,3.67,15,05-12-2024 20:05
dwlr_wb_309,West Bengal,Paschim Barddhaman,Jamuria Ii,Pandaveswar,Pandaveswar,23.71132,87.26694,Dug Well,3.54,97,05-12-2024 20:05
dwlr_wb_310,West Bengal,Paschim Barddhaman,Kanksa,Domra,Domra,23.52041,87.45394,Dug Well,1.71,34,05-12-2024 20:05
dwlr_wb_311,West Bengal,Paschim Barddhaman,Kanksa,Kanksa,Kanksa,23.48997,87.45765,Dug Well,3.57,33,05-12-2024 20:05
dwlr_wb_312,West Bengal,Paschim Barddhaman,Kanksa,Kanksa,Kanksa,23.47827,87.45134,Dug Well,15.27,24,05-12-2024 20:05
dwlr_wb_313,West Bengal,Paschim Barddhaman,Kanksa,Kanksa,Dug Well,23.47816,87.45149,Dug Well,3.77,30,05-12-2024 20:05
dwlr_wb_314,West Bengal,Paschim Barddhaman,Kanksa,Kuldiha,Kuldiha,23.54354,87.40665,Dug Well,1,87,05-12-2024 20:05
dwlr_wb_315,West Bengal,Paschim Barddhaman,Kanksa,Piariganj,Piariganj,23.53867,87.46975,Dug Well,3.2,37,05-12-2024 20:05
dwlr_wb_316,West Bengal,Paschim Barddhaman,Kanksa,Silampur (New),Silampur (New),23.41548,87.43209,Dug Well,4.64,81,05-12-2024 20:05
dwlr_wb_317,West Bengal,Paschim Barddhaman,Kanska,Arrahgram,Arrahgram,23.52204,87.37092,Dug Well,3.03,23,05-12-2024 20:05
dwlr_wb_318,West Bengal,Paschim Barddhaman,Kulti,Barakar,Barakar,23.74501,86.81464,Dug Well,2.01,48,05-12-2024 20:05
dwlr_wb_319,West Bengal,Paschim Barddhaman,Kulti,Barakar,Barakar,23.74211,86.81479,Dug Well,5.17,42,05-12-2024 20:05
dwlr_wb_320,West Bengal,Paschim Barddhaman,Kulti,Kulti,Kulti,23.72639,86.85144,Dug Well,0.22,14,05-12-2024 20:05
dwlr_wb_321,West Bengal,Paschim Barddhaman,Kulti,Kultora,Kultora,23.72012,86.86966,Dug Well,0.47,34,05-12-2024 20:05
dwlr_wb_322,West Bengal,Paschim Barddhaman,Kulti,Neamatpur A,Neamatpur A,23.71703,86.88078,Dug Well,1.55,19,05-12-2024 20:05
dwlr_wb_323,West Bengal,Paschim Barddhaman,Kulti,Sanasitala,Sanasitala,23.73274,86.83347,Dug Well,1.1,59,05-12-2024 20:05
dwlr_wb_324,West Bengal,Paschim Barddhaman,Raniganj,Bogra,Bogra,23.66348,87.06074,Dug Well,2.05,77,05-12-2024 20:05
dwlr_wb_325,West Bengal,Paschim Barddhaman,Raniganj,Raniganj,Raniganj,23.61379,87.11354,Dug Well,1.3,34,05-12-2024 20:05
dwlr_wb_326,West Bengal,Paschim Barddhaman,Salanpur,Chittaranjan,Chittaranjan,23.83876,86.90263,Dug Well,4.71,14,05-12-2024 20:05
dwlr_wb_327,West Bengal,Paschim Barddhaman,Salanpur,Chittaranjan,Chittaranjan,23.82817,86.90061,Dug Well,5.16,42,05-12-2024 20:05
dwlr_wb_328,West Bengal,Paschim Barddhaman,Salanpur,Dendua More,Dendua More,23.78137,86.86872,Dug Well,1.58,16,05-12-2024 20:05
dwlr_wb_329,West Bengal,Paschim Barddhaman,Salanpur,Ethora Dug Well,Ethora Dug well,23.74613,86.921,Dug Well,1.54,77,05-12-2024 20:05
dwlr_wb_330,West Bengal,Paschim Barddhaman,Salanpur,Kalyaneswari,Kalyaneswari,23.77552,86.82543,Dug Well,5.62,93,05-12-2024 20:05
dwlr_wb_331,West Bengal,Paschim Barddhaman,Salanpur,Rupnarayanpur,Rupnarayanpur,23.81486,86.8851,Dug Well,6.61,100,05-12-2024 20:05
dwlr_wb_332,West Bengal,Paschim Barddhaman,Salanpur,Salanpur,Salanpur,23.76197,86.87581,Dug Well,3.4,66,05-12-2024 20:05
dwlr_wb_333,West Bengal,Paschim Barddhaman,Salanpur,Samdi,Samdi,23.7833,86.91931,Dug Well,3.86,93,05-12-2024 20:05
dwlr_wb_334,West Bengal,Purba Barddhaman,Ausgram,Chak Radha Mohanpur,Chak Radha mohanpur,23.48547,87.64269,Dug Well,5.02,98,05-12-2024 20:05
dwlr_wb_335,West Bengal,Purba Barddhaman,Ausgram I,Ausgram,AUSGRAM,23.52695,87.63238,Dug Well,6.54,29,05-12-2024 20:05
dwlr_wb_336,West Bengal,Purba Barddhaman,Ausgram Ii,Chora,Chora,23.56732,87.60258,Dug Well,2.69,35,05-12-2024 20:05
dwlr_wb_337,West Bengal,Purba Barddhaman,Barddhaman Sadar,Burdwan,Burdwan Dug well,23.2329,87.86528,Dug Well,4.25,86,05-12-2024 20:05
dwlr_wb_338,West Bengal,Purba Barddhaman,Bardhaman,Amra (Mandirtala),AMRA (Mandirtala),23.20835,87.94847,Dug Well,5.01,40,05-12-2024 20:05
dwlr_wb_339,West Bengal,Purba Barddhaman,Bhatar,Orgram,Orgram,23.44088,87.77068,Dug Well,6.34,13,05-12-2024 20:05
dwlr_wb_340,West Bengal,Purba Barddhaman,Ekangarsarai,Saranga,Saranga,23.5151,87.74834,Dug Well,4.56,96,05-12-2024 20:05
dwlr_wb_341,West Bengal,Purba Barddhaman,Ekangarsarai,Amra,Amra,23.52435,87.73239,Dug Well,5.49,62,05-12-2024 20:05
dwlr_wb_342,West Bengal,Purba Barddhaman,Kanksha,Kansai,Kansai,23.59417,87.70912,Dug Well,3.45,92,05-12-2024 20:05
dwlr_wb_343,West Bengal,Purba Barddhaman,Katwa,Ishwarpur,Ishwarpur,23.60496,87.86306,Dug Well,3.22,98,05-12-2024 20:05
dwlr_wb_344,West Bengal,Purba Barddhaman,Katwa,Madhusree,Madhusree,23.52595,87.82515,Dug Well,4.79,12,05-12-2024 20:05
dwlr_wb_345,West Bengal,Purba Barddhaman,Mukutmanipur,Mukutmanipur,Mukutmanipur,23.55744,87.85742,Dug Well,6.14,46,05-12-2024 20:05
dwlr_wb_346,West Bengal,Purba Barddhaman,Raipur,Raipur,Raipur,23.50515,87.77295,Dug Well,2.83,55,05-12-2024 20:05
dwlr_wb_347,West Bengal,Purba Barddhaman,Sriniketan,Bolpur,Bolpur,23.6678,87.76057,Dug Well,6.5,82,05-12-2024 20:05
dwlr_wb_348,West Bengal,Purba Barddhaman,Sriniketan,Amra,Amra,23.55108,87.72728,Dug Well,3.95,12,05-12-2024 20:05
dwlr_wb_349,West Bengal,Purba Barddhaman,Sriniketan,Bolpur,Bolpur,23.62649,87.74008,Dug Well,4.25,75,05-12-2024 20:05
dwlr_wb_350,West Bengal,Purba Barddhaman,Vorada,Maguradangal,Maguradangal,23.62958,87.7808,Dug Well,7.22,57,05-12-2024 20:05
dwlr_wb_351,West Bengal, Purulia, Barabazar, Sindri, Sindri,23.04361,86.49401, Dug Well,3.79,21,05-12-2024 20:05
dwlr_wb_352,West Bengal, Purulia, Barabazar, Tokariya, Tokariya,23.15984,86.34815, Dug Well,4,100,05-12-2024 20:05
dwlr_wb_353,West Bengal, Purulia, Bundwan, Dhabani, Dhabani,22.92685,86.44618, Dug Well,6.58,92,05-12-2024 20:05
dwlr_wb_354,West Bengal, Purulia, Hura, asanboni, asanboni,23.30803,86.58167, Dug Well,3.96,74,05-12-2024 20:05
dwlr_wb_355,West Bengal, Purulia, Hura, Bishpuria, Bishpuria,23.2827,86.74153, Dug Well,3.45,62,05-12-2024 20:05
dwlr_wb_356,West Bengal, Purulia, Hura, Duriakata, Duriakata,23.29774,86.68871, Dug Well,5.6,85,05-12-2024 20:05
dwlr_wb_357,West Bengal, Purulia, Hura, Gurda More, Gurda More,23.34302,86.5579, Dug Well,2.05,86,05-12-2024 20:05
dwlr_wb_358,West Bengal, Purulia, Hura, Hura, Hura,23.30112,86.66274, Dug Well,7.04,17,05-12-2024 20:05
dwlr_wb_359,West Bengal, Purulia, Hura, Katagora, Katagora,23.294,86.631, Dug Well,3.15,65,05-12-2024 20:05
dwlr_wb_360,West Bengal, Purulia, Hura, Katagora, Katagora,23.2944,86.63087, Dug Well,3.5,47,05-12-2024 20:05
dwlr_wb_361,West Bengal, Purulia, Hura, Keshargarh, Keshargarh,23.26909,86.55694, Dug Well,3.2,75,05-12-2024 20:05
